{"info":{"_postman_id":"06bb4aad-4afc-41f1-82f4-7ddaadc512e2","name":"Limit","schema":"https://schema.getpostman.com/json/collection/v2.1.0/collection.json"},"item":[{"name":"getCIFBasicDetails","id":"474ee59b-4478-4028-97b2-2353760f9fcf","protocolProfileBehavior":{"disableBodyPruning":true},"request":{"auth":{"type":"basic","basic":[{"key":"password","value":"P@ssw0rd","type":"string"},{"key":"username","value":"300166u","type":"string"}]},"method":"POST","header":[],"body":{"mode":"raw","raw":"{\r\n    \"depositAmount\": 15,\r\n    \"tracingId\": \"2-105314-username-0004-2024-06-20 15:40:51.519{8030C331-579E-44BF-AF34-EBC12AF0E381-132salem11}\",\r\n    \"mubasherAccountNo\": \"275095514\",\r\n    \"clientId\": 2,\r\n    \"currency\": \"KWD\"\r\n}","options":{"raw":{"language":"json"}}},"url":{"raw":"{{url}}/brokerage/v1/processMubasherTransaction","host":["{{url}}"],"path":["brokerage","v1","processMubasherTransaction"]}},"response":[]}]}