{"info":{"_postman_id":"13e35067-1601-4edb-b124-a978684e1547","name":"PreProd issues","schema":"https://schema.getpostman.com/json/collection/v2.1.0/collection.json"},"item":[{"name":"sendEmailVerificationToken","id":"dc9de19d-def3-4cc9-acef-c4c55fb2cea4","protocolProfileBehavior":{"disableBodyPruning":true},"request":{"auth":{"type":"basic","basic":[{"key":"password","value":"{{password}}","type":"string"},{"key":"username","value":"{{username}}","type":"string"}]},"method":"POST","header":[],"body":{"mode":"raw","raw":"{\r\n    \"clientId\": 2,\r\n    \"tracingId\":\"2-117641-username-3031-2024-10-29 10:05:51.836{CED4FA23-4FEC-4DEA-B84B-0C6B66420154-2739}\",\r\n    \"emailId\": \"mohamed.amr.salem@gmail.com\",\r\n    \"cif\": \"117641\",\r\n    \"preferredLanguage\": \"ar\",\r\n    \"additionalField1\": \"OMAR OMAR\",\r\n    \"claims\": \"cif:117641,isNewsLetterSubscribed:false,email:mohamed.amr.salem@gmail.com\"\r\n}","options":{"raw":{"language":"json"}}},"url":{"raw":"{{url}}/notification/emailVerificationService/sendEmailVerificationToken","host":["{{url}}"],"path":["notification","emailVerificationService","sendEmailVerificationToken"]}},"response":[]},{"name":"createK2KPaymentPS","id":"012fb6f3-a49b-4f37-9462-71f6b543051a","protocolProfileBehavior":{"disableBodyPruning":true},"request":{"auth":{"type":"basic","basic":[{"key":"password","value":"{{password}}","type":"string"},{"key":"username","value":"{{username}}","type":"string"}]},"method":"POST","header":[],"body":{"mode":"raw","raw":"{\r\n    \"clientId\": 2,\r\n    \"tracingId\":\"2-568480-username-5287-2024-10-27 12:42:08.961{2e9b9b59-2470-4140-82ae-2be0eee960a8-74633}\",\r\n    \"cif\": \"568480\",\r\n    \"amount\": \"30.000\",\r\n    \"receiverName\": \"Sreeramulu \",\r\n    \"receiverMobile\": \"97287068\",\r\n    \"senderMobile\": \"98754133\",\r\n    \"senderName\": \"568480\",\r\n    \"accountNo\": \"0568480001\",\r\n    \"lang\": \"en\",\r\n    \"userId\": \"MBUSR\",\r\n    \"purposeOfTrans\": \"Expenses\"\r\n}","options":{"raw":{"language":"json"}}},"url":{"raw":"{{url}}/K2K/InitiateTransaction/ProxyServices/createK2KPaymentPS","host":["{{url}}"],"path":["K2K","InitiateTransaction","ProxyServices","createK2KPaymentPS"]}},"response":[]},{"name":"createTransaction","id":"5860dc5a-5f82-4a75-b42c-427e0a83ea67","protocolProfileBehavior":{"disableBodyPruning":true},"request":{"auth":{"type":"basic","basic":[{"key":"password","value":"{{password}}","type":"string"},{"key":"username","value":"{{username}}","type":"string"}]},"method":"POST","header":[],"body":{"mode":"raw","raw":"{\r\n    \"tracingId\": \"2-117641-username-6280-2024-10-27 12:38:21.628{38894f16-e696-4d82-a9f1-3fc6323dd95f-2739}\",\r\n    \"amount\": \"20\",\r\n    \"clientId\": \"2\",\r\n    \"civil\": \"1234\",\r\n    \"trxType\": \"1\",\r\n    \"accountNumber\": \"011764XXXXXX1009\"\r\n}","options":{"raw":{"language":"json"}}},"url":{"raw":"{{url}}/switch/cardlessService/createTransaction","host":["{{url}}"],"path":["switch","cardlessService","createTransaction"]}},"response":[]},{"name":"account","id":"f602b6ac-2432-408d-83b7-675df5a30624","protocolProfileBehavior":{"disableBodyPruning":true},"request":{"auth":{"type":"basic","basic":[{"key":"password","value":"{{password}}","type":"string"},{"key":"username","value":"{{username}}","type":"string"}]},"method":"POST","header":[],"body":{"mode":"raw","raw":"{\r\n    \"tracingId\": \"2-568480-username-5287-2024-10-27 12:42:08.961{2e9b9b59-2470-4140-82ae-2be0eee960a8-74633}\",\r\n    \"clientId\": 2,\r\n    \"accountNo\": \"0568480001\"\r\n}","options":{"raw":{"language":"json"}}},"url":{"raw":"{{url}}/account/accountService/accountDetails","host":["{{url}}"],"path":["account","accountService","accountDetails"]}},"response":[]}]}