{"info":{"_postman_id":"1ac112e6-53f7-44a5-ace7-6e53896e6930","name":"Wafferli","schema":"https://schema.getpostman.com/json/collection/v2.1.0/collection.json"},"item":[{"name":"getSubscriptionById","id":"d3f2ff66-2567-4895-9e92-642f2ebc3b9f","protocolProfileBehavior":{"disableBodyPruning":true},"request":{"auth":{"type":"basic","basic":[{"key":"password","value":"{{password}}","type":"string"},{"key":"username","value":"{{username}}","type":"string"}]},"method":"POST","header":[],"body":{"mode":"raw","raw":"{\r\n    \"subscriptionId\": \"1\",\r\n    \"clientId\": 3,\r\n    \"tracingId\": \"trest\",\r\n    \"queryWithLock\": \"N\",\r\n    \"ignoreRelation\": \"N\"\r\n}","options":{"raw":{"language":"json"}}},"url":{"raw":"{{url}}/wafferli/v1/getSubscriptionById","host":["{{url}}"],"path":["wafferli","v1","getSubscriptionById"]}},"response":[]},{"name":"getSubscriptionByCifNo","id":"500d24c5-2364-408a-8f99-ecf23c13c6ad","protocolProfileBehavior":{"disableBodyPruning":true},"request":{"auth":{"type":"basic","basic":[{"key":"password","value":"{{password}}","type":"string"},{"key":"username","value":"{{username}}","type":"string"}]},"method":"POST","header":[],"body":{"mode":"raw","raw":"{\r\n    \"cifNo\": \"8070\",\r\n    \"clientId\": 3,\r\n    \"tracingId\": \"trest\"\r\n}","options":{"raw":{"language":"json"}}},"url":{"raw":"{{url}}/wafferli/v1/getSubscriptionByCifNo","host":["{{url}}"],"path":["wafferli","v1","getSubscriptionByCifNo"]}},"response":[]},{"name":"getSubscriptions","id":"0f57488d-138c-4de0-ba60-e17558ccd8b8","protocolProfileBehavior":{"disableBodyPruning":true},"request":{"auth":{"type":"basic","basic":[{"key":"password","value":"P@ssw0rd","type":"string"},{"key":"username","value":"300166u","type":"string"}]},"method":"POST","header":[],"body":{"mode":"raw","raw":"{\r\n    \"cifNo\": \"95004\",\r\n    \"clientId\": 3,\r\n    \"tracingId\": \"trest\",\r\n    \"pageNo\": 1,\r\n    \"pageSize\": 10,\r\n    \"fromDate\": \"2020-01-01\",\r\n    \"toDate\": \"2025-01-01\"\r\n}","options":{"raw":{"language":"json"}}},"url":{"raw":"{{url}}/wafferli/v1/getAllSubscriptions","host":["{{url}}"],"path":["wafferli","v1","getAllSubscriptions"]}},"response":[]},{"name":"maintainEligibleSubscriptions","id":"e951b638-75df-4789-bb17-1c46d463c3de","protocolProfileBehavior":{"disableBodyPruning":true},"request":{"auth":{"type":"basic","basic":[{"key":"password","value":"P@ssw0rd","type":"string"},{"key":"username","value":"300166u","type":"string"}]},"method":"POST","header":[],"body":{"mode":"raw","raw":"{\r\n    \"clientId\": 3,\r\n    \"tracingId\": \"trest\",\r\n    \"dueDate\": \"2020-01-02 13:10:10\"\r\n}","options":{"raw":{"language":"json"}}},"url":{"raw":"{{url}}/wafferli/v1/maintainEligibleSubscriptions","host":["{{url}}"],"path":["wafferli","v1","maintainEligibleSubscriptions"]}},"response":[]},{"name":"test","id":"f9b27c44-652f-404d-9460-e735c44258bf","protocolProfileBehavior":{"disableBodyPruning":true},"request":{"method":"GET","header":[],"url":{"raw":""}},"response":[]}]}