{"info":{"_postman_id":"26c22126-6630-4570-a254-e98fef9dcf41","name":"Payment","schema":"https://schema.getpostman.com/json/collection/v2.1.0/collection.json"},"item":[{"name":"getAdvanceSalaryDetailsFromIMal","id":"98c95e65-1cfd-41b0-89d2-70431be18d76","protocolProfileBehavior":{"disableBodyPruning":true},"request":{"auth":{"type":"basic","basic":[{"key":"password","value":"P@ssw0rd","type":"string"},{"key":"username","value":"300166u","type":"string"}]},"method":"POST","header":[],"body":{"mode":"raw","raw":"{\r\n    \"tracingId\": \"2-574058-zxusvername-8367-2024-11-10 1:43:33.706{6785958ex-debe-4bz0b-a4f0-ceed644eefb9-114542}\",\r\n    \"clientId\": 2,\r\n    \"additionalReference\": \"0103866001\"\r\n}","options":{"raw":{"language":"json"}}},"url":{"raw":"{{url}}/payment/salaryService/getAdvanceSalaryDetailsFromIMal","host":["{{url}}"],"path":["payment","salaryService","getAdvanceSalaryDetailsFromIMal"]}},"response":[]}]}