{"info":{"_postman_id":"2ad2b392-1120-4ed9-9ed2-712e20810309","name":"Fils Challenge","schema":"https://schema.getpostman.com/json/collection/v2.1.0/collection.json"},"item":[{"name":"getChallengeById","id":"eb9fac86-4828-4b5f-b18c-d334fa202479","protocolProfileBehavior":{"disableBodyPruning":true},"request":{"auth":{"type":"basic","basic":[{"key":"password","value":"P@ssw0rd","type":"string"},{"key":"username","value":"300166u","type":"string"}]},"method":"POST","header":[],"body":{"mode":"raw","raw":"{\r\n    \"challengeId\": \"230\",\r\n    \"clientId\": 3,\r\n    \"tracingId\": \"trest\",\r\n    \"queryWithLock\": false,\r\n    \"ignoreRelation\": false\r\n}","options":{"raw":{"language":"json"}}},"url":{"raw":"{{url}}/filsChallenge/v1/getChallengeById","host":["{{url}}"],"path":["filsChallenge","v1","getChallengeById"]}},"response":[]},{"name":"getChallengeByCifNo","id":"6840b56d-d3d2-4846-8bca-dbc0db91fbf6","protocolProfileBehavior":{"disableBodyPruning":true},"request":{"auth":{"type":"basic","basic":[{"key":"password","value":"P@ssw0rd","type":"string"},{"key":"username","value":"300166u","type":"string"}]},"method":"POST","header":[],"body":{"mode":"raw","raw":"{\r\n    \"cifNo\": \"8070\",\r\n    \"clientId\": 3,\r\n    \"tracingId\": \"trest\"\r\n}","options":{"raw":{"language":"json"}}},"url":{"raw":"{{url}}/filsChallenge/v1/getCIFChallenges","host":["{{url}}"],"path":["filsChallenge","v1","getCIFChallenges"]}},"response":[]},{"name":"getAllChallenges","id":"376cd225-8131-4489-adc4-f8df23d34001","protocolProfileBehavior":{"disableBodyPruning":true},"request":{"auth":{"type":"basic","basic":[{"key":"password","value":"P@ssw0rd","type":"string"},{"key":"username","value":"300166u","type":"string"}]},"method":"POST","header":[],"body":{"mode":"raw","raw":"{\r\n    \"cifNo\": \"8070\",\r\n    \"clientId\": 3,\r\n    \"tracingId\": \"trest\",\r\n    \"pageNo\": 1,\r\n    \"pageSize\": 10,\r\n    \"fromDate\": \"2020-01-01\",\r\n    \"toDate\": \"2025-01-01\"\r\n}","options":{"raw":{"language":"json"}}},"url":{"raw":"{{url}}/filsChallenge/v1/getAllChallenges","host":["{{url}}"],"path":["filsChallenge","v1","getAllChallenges"]}},"response":[]},{"name":"maintainEligibleChallenges","id":"6513b9c8-b22d-4000-bb5d-513c8090f6a5","protocolProfileBehavior":{"disableBodyPruning":true},"request":{"auth":{"type":"basic","basic":[{"key":"password","value":"P@ssw0rd","type":"string"},{"key":"username","value":"300166u","type":"string"}]},"method":"POST","header":[],"body":{"mode":"raw","raw":"{\r\n    \"clientId\": 3,\r\n    \"tracingId\": \"trest14\",\r\n    \"dueDate\": \"2024-12-27 13:10:10\"\r\n}","options":{"raw":{"language":"json"}}},"url":{"raw":"{{url}}/filsChallenge/v1/maintainEligibleChallenges","host":["{{url}}"],"path":["filsChallenge","v1","maintainEligibleChallenges"]}},"response":[]},{"name":"getFilsDelinquency","id":"b884ccbc-1e0f-4959-9415-3282b8992f59","protocolProfileBehavior":{"disableBodyPruning":true},"request":{"auth":{"type":"basic","basic":[{"key":"password","value":"P@ssw0rd","type":"string"},{"key":"username","value":"300166u","type":"string"}]},"method":"POST","header":[],"body":{"mode":"raw","raw":"{\r\n    \"clientId\": 3,\r\n    \"tracingId\": \"trest\",\r\n    \"cifNo\": 95004\r\n}","options":{"raw":{"language":"json"}}},"url":{"raw":"{{url}}/filsChallenge/v1/getFilsDelinquency","host":["{{url}}"],"path":["filsChallenge","v1","getFilsDelinquency"]}},"response":[]}]}