{"info":{"_postman_id":"45f34a5d-2a72-4f3a-a47c-bb392749a0fe","name":"Engagement","schema":"https://schema.getpostman.com/json/collection/v2.1.0/collection.json"},"item":[{"name":"pushToBirthdayQueue","id":"903584a5-2609-4110-b0e5-0dcfe213ec48","protocolProfileBehavior":{"disableBodyPruning":true},"request":{"auth":{"type":"basic","basic":[{"key":"password","value":"P@ssw0rd","type":"string"},{"key":"username","value":"300166u","type":"string"}]},"method":"POST","header":[],"body":{"mode":"raw","raw":"{\r\n  \"eventType\": \"ALGHALY_BIRTHDAY\",\r\n  \"eventId\": 123456,\r\n  \"cifNo\": \"8070\",\r\n  \"gender\": \"male\",\r\n  \"childNameEn\": \"Ali\",\r\n  \"childNameAr\": \"علي\",\r\n  \"messageUniqueIdentifier\": \"msg-001\",\r\n    \"clientId\": 3,\r\n    \"tracingId\": \"tresst\"\r\n}","options":{"raw":{"language":"json"}}},"url":{"raw":"{{url}}/engagement/birthday/pushToBirthdayQueue","host":["{{url}}"],"path":["engagement","birthday","pushToBirthdayQueue"]}},"response":[]}]}