{"info":{"_postman_id":"4ae71a3b-0ed2-4805-b406-849b0b0164ec","name":"SavingGoals ES","schema":"https://schema.getpostman.com/json/collection/v2.1.0/collection.json"},"item":[{"name":"processDueGoals","id":"896f27a1-db87-475f-9e89-3b28ef96d693","protocolProfileBehavior":{"disableBodyPruning":true},"request":{"auth":{"type":"basic","basic":[{"key":"password","value":"P@ssw0rd","type":"string"},{"key":"username","value":"300166u","type":"string"}]},"method":"POST","header":[],"body":{"mode":"raw","raw":"{\r\n    \"clientId\": 3,\r\n    \"tracingId\": \"test1233\"\r\n}","options":{"raw":{"language":"json"}}},"url":{"raw":"{{url}}/savingGoals-es/savingGoal/processDueGoals","host":["{{url}}"],"path":["savingGoals-es","savingGoal","processDueGoals"]}},"response":[]},{"name":"maintainGoal","id":"ac314297-5dd8-49a0-8d4d-986c439f3765","protocolProfileBehavior":{"disableBodyPruning":true},"request":{"auth":{"type":"basic","basic":[{"key":"password","value":"P@ssw0rd","type":"string"},{"key":"username","value":"300166u","type":"string"}]},"method":"POST","header":[],"body":{"mode":"raw","raw":"{\r\n    \"clientId\": 3,\r\n    \"tracingId\": \"test1233\",\r\n    \"goalId\": 430\r\n}","options":{"raw":{"language":"json"}}},"url":{"raw":"{{url}}/savingGoals-es/savingGoal/maintainGoal","host":["{{url}}"],"path":["savingGoals-es","savingGoal","maintainGoal"]}},"response":[]},{"name":"cancelGoal","id":"c64fa744-9012-4053-985a-ee96e954410a","protocolProfileBehavior":{"disableBodyPruning":true},"request":{"auth":{"type":"basic","basic":[{"key":"password","value":"P@ssw0rd","type":"string"},{"key":"username","value":"300166u","type":"string"}]},"method":"POST","header":[],"body":{"mode":"raw","raw":"{\r\n    \"clientId\": 3,\r\n    \"tracingId\": \"test1233\",\r\n    \"goalId\": 430\r\n}","options":{"raw":{"language":"json"}}},"url":{"raw":"{{url}}/savingGoals-es/savingGoal/cancelGoal","host":["{{url}}"],"path":["savingGoals-es","savingGoal","cancelGoal"]}},"response":[]},{"name":"createSavingGoal","id":"ce659820-66c3-40b0-9381-8410d60e3d29","protocolProfileBehavior":{"disableBodyPruning":true},"request":{"auth":{"type":"basic","basic":[{"key":"password","value":"P@ssw0rd","type":"string"},{"key":"username","value":"300166u","type":"string"}]},"method":"POST","header":[],"body":{"mode":"raw","raw":"{\r\n    \"clientId\": 3,\r\n    \"tracingId\": \"trest\",\r\n    \"cifNo\": 102911,\r\n    \"goalName\": \"testgoal\",\r\n    \"targetDate\":\"2025-03-01\",\r\n    \"debitDayOfMonth\":\"1\",\r\n    \"goalAmount\": 200,\r\n    \"accountNo\": \"0102911001\",\r\n    \"createdBy\":\"salem\",\r\n    \"monthlyAmount\":100\r\n}","options":{"raw":{"language":"json"}}},"url":{"raw":"{{url}}/savingGoals-es/savingGoal/createSavingGoal","host":["{{url}}"],"path":["savingGoals-es","savingGoal","createSavingGoal"]}},"response":[]},{"name":"getGoalById","id":"f375ef22-51dd-4162-8702-389e140fc2d1","protocolProfileBehavior":{"disableBodyPruning":true},"request":{"auth":{"type":"basic","basic":[{"key":"password","value":"P@ssw0rd","type":"string"},{"key":"username","value":"300166u","type":"string"}]},"method":"POST","header":[],"body":{"mode":"raw","raw":"{\r\n    \"tracingId\": \"trest\",\r\n    \"clientId\": 3,\r\n    \"goalId\": \"428\",\r\n    \"queryWithLockingFlag\": \"N\",\r\n    \"ignoreRelation\": \"Y\"\r\n}","options":{"raw":{"language":"json"}}},"url":{"raw":"{{url}}/savingGoals-es/savingGoal/getGoalById","host":["{{url}}"],"path":["savingGoals-es","savingGoal","getGoalById"]}},"response":[]},{"name":"topupGoal","id":"ac4c1216-4448-40e4-9e94-90dc83684d05","protocolProfileBehavior":{"disableBodyPruning":true},"request":{"auth":{"type":"basic","basic":[{"key":"password","value":"P@ssw0rd","type":"string"},{"key":"username","value":"300166u","type":"string"}]},"method":"POST","header":[],"body":{"mode":"raw","raw":"{\r\n    \"clientId\": 3,\r\n    \"tracingId\": \"trest\",\r\n    \"topupAmount\": 100,\r\n    \"goalId\": 428,\r\n    \"accountNo\": \"0102911001\",\r\n}","options":{"raw":{"language":"json"}}},"url":{"raw":"{{url}}/pfm/savingGoal/topupSavingGoal","host":["{{url}}"],"path":["pfm","savingGoal","topupSavingGoal"]}},"response":[]}]}