{"info":{"_postman_id":"73c103e3-2a0a-4241-ad9c-9b5748ff4079","name":"Campaign","schema":"https://schema.getpostman.com/json/collection/v2.1.0/collection.json"},"item":[{"name":"pushToCampaignQ","id":"990ee096-99aa-48ec-b7f7-44bda74588db","protocolProfileBehavior":{"disableBodyPruning":true},"request":{"auth":{"type":"basic","basic":[{"key":"password","value":"P@ssw0rd","type":"string"},{"key":"username","value":"300166u","type":"string"}]},"method":"POST","header":[],"body":{"mode":"raw","raw":"{\r\n    \"clientId\": 3,\r\n    \"tracingId\": \"a152z1salenx4x4lcxg2fxzz16c:0v8mx43csb.70c{salxem-8fh1zszECx3CBD4FF-1126a2z2c128}\",\r\n    \"cardNo\": \"5337460005193817\",\r\n    \"trxAmount\": 10,\r\n    \"trxReference\": \"TRX123456789\",\r\n    \"trxCurrency\": 414,\r\n    \"trxType\": \"CREDIT\",\r\n    \"merchantDetails\": \"FAUCHON\",\r\n    \"kdAmount\": 10,\r\n    \"walletType\": \"Digital Wallet\",\r\n    \"tokenNumber\": \"TOKEN123456789\",\r\n    \"cifNo\": \"102911\",\r\n    \"accountNo\": \"0102911001\"\r\n}","options":{"raw":{"language":"json"}}},"url":{"raw":"{{url}}/enjoyWithBoubyan-es/onus/pushToCampaignQ","host":["{{url}}"],"path":["enjoyWithBoubyan-es","onus","pushToCampaignQ"]}},"response":[{"id":"a46d479d-84b1-4ddd-ae31-cc2f08a0b914","name":"pushToCampaignQ","originalRequest":{"method":"POST","header":[],"body":{"mode":"raw","raw":"{\r\n    \"clientId\": 3,\r\n    \"tracingId\": \"a152z1salenx4x4lcxg2fxzz16c:0v8mx43csb.70c{salxem-8fh1zszECx3CBD4FF-1126a2z2c124}\",\r\n    \"cardNo\": \"5337460005193817\",\r\n    \"trxAmount\": 10,\r\n    \"trxReference\": \"TRX123456789\",\r\n    \"trxCurrency\": 414,\r\n    \"trxType\": \"DEBIT\",\r\n    \"merchantDetails\": \"FAUCHON\",\r\n    \"kdAmount\": 10,\r\n    \"walletType\": \"Digital Wallet\",\r\n    \"tokenNumber\": \"TOKEN123456789\",\r\n    \"cifNo\": \"102911\",\r\n    \"accountNo\": \"0102911001\"\r\n}","options":{"raw":{"language":"json"}}},"url":{"raw":"{{url}}/enjoyWithBoubyan-es/onus/pushToCampaignQ","host":["{{url}}"],"path":["enjoyWithBoubyan-es","onus","pushToCampaignQ"]}},"status":"OK","code":200,"_postman_previewlanguage":"json","header":[{"key":"Date","value":"Wed, 18 Dec 2024 12:31:17 GMT"},{"key":"Transfer-Encoding","value":"chunked"},{"key":"Content-Type","value":"application/json"},{"key":"X-ORACLE-DMS-ECID","value":"f4b15926-b8c1-4416-895b-cf16b50b5491-00000022"},{"key":"X-ORACLE-DMS-RID","value":"0"},{"key":"Set-Cookie","value":"JSESSIONID=ZfnZwEdttq-2BVtbOMUr3HLnXqi6jXL0JAzEVWvU3ZIDGouEOZPd!543983544; path=/; HttpOnly"}],"cookie":[],"responseTime":null,"body":"{\n    \"errorDesc\": \"Success\",\n    \"errorCode\": \"0\",\n    \"clientId\": 3,\n    \"tracingId\": \"a152z1salenx4x4lcxg2fxzz16c:0v8mx43csb.70c{salxem-8fh1zszECx3CBD4FF-1126a2z2c124}\"\n}"},{"id":"4dd0b415-c2d1-431d-99f5-93ad8405627e","name":"pushToCampaignQ","originalRequest":{"method":"POST","header":[],"body":{"mode":"raw","raw":"{\r\n    \"clientId\": 3,\r\n    \"tracingId\": \"a152z1salenx4x4lcxg2fxzz16c:0v8mx43csb.70c{salxem-8fh1zszECx3CBD4FF-1126a2z2c127}\",\r\n    \"cardNo\": \"5337460005193817\",\r\n    \"trxAmount\": 10,\r\n    \"trxReference\": \"TRX123456789\",\r\n    \"trxCurrency\": 414,\r\n    \"trxType\": \"CREDIT\",\r\n    \"merchantDetails\": \"FAUCHON\",\r\n    \"kdAmount\": 10,\r\n    \"walletType\": \"Digital Wallet\",\r\n    \"tokenNumber\": \"TOKEN123456789\",\r\n    \"cifNo\": \"102911\",\r\n    \"accountNo\": \"0102911001\"\r\n}","options":{"raw":{"language":"json"}}},"url":{"raw":"{{url}}/enjoyWithBoubyan-es/onus/pushToCampaignQ","host":["{{url}}"],"path":["enjoyWithBoubyan-es","onus","pushToCampaignQ"]}},"status":"OK","code":200,"_postman_previewlanguage":"json","header":[{"key":"Date","value":"Wed, 18 Dec 2024 12:58:14 GMT"},{"key":"Transfer-Encoding","value":"chunked"},{"key":"Content-Type","value":"application/json"},{"key":"X-ORACLE-DMS-ECID","value":"f4b15926-b8c1-4416-895b-cf16b50b5491-0000003e"},{"key":"X-ORACLE-DMS-RID","value":"0"},{"key":"Set-Cookie","value":"JSESSIONID=uM3Z2PWKdBG10FeUFApFMHm0G3ubIvgYilBRAM_uG0G3kG8NUURT!543983544; path=/; HttpOnly"}],"cookie":[],"responseTime":null,"body":"{\n    \"errorDesc\": \"Success\",\n    \"errorCode\": \"0\",\n    \"clientId\": 3,\n    \"tracingId\": \"a152z1salenx4x4lcxg2fxzz16c:0v8mx43csb.70c{salxem-8fh1zszECx3CBD4FF-1126a2z2c127}\"\n}"}]}]}