{"info":{"_postman_id":"75aeaca2-64b0-4e61-bb42-809c45ebbd62","name":"Boubyan Student management","schema":"https://schema.getpostman.com/json/collection/v2.1.0/collection.json"},"item":[{"name":"get courses","id":"3843e75e-8f4e-4ea1-bf5f-5d93a2f42463","protocolProfileBehavior":{"disableBodyPruning":true},"request":{"auth":{"type":"bearer","bearer":[{"key":"token","value":"eyJhbGciOiJIUzI1NiJ9.eyJzdWIiOiJtb2hhbWVkLmFtci5zYWxlbUBnbWFpbC5jb20iLCJpYXQiOjE3MjE1MDUxMDAsImV4cCI6MTcyMTUwODcwMH0.t_3b2UpeaAvMlHrAGCWSxigEBewdVS0AbqQCmdq-84U","type":"string"}]},"method":"GET","header":[],"url":{"raw":"http://localhost:8080/student/courses?pageNo=0&pageSize=100","protocol":"http","host":["localhost"],"port":"8080","path":["student","courses"],"query":[{"key":"pageNo","value":"0"},{"key":"pageSize","value":"100"}]}},"response":[]},{"name":"signup","id":"777b5d69-0b99-41b0-82f0-a890dc4337f9","protocolProfileBehavior":{"disableBodyPruning":true},"request":{"method":"POST","header":[],"body":{"mode":"raw","raw":"{\r\n    \"email\": \"mohamed.amr.salem@gmail.com\",\r\n    \"password\": \"123456\",\r\n    \"fullName\": \"salem\"\r\n}","options":{"raw":{"language":"json"}}},"url":{"raw":"http://localhost:8080/auth/signup","protocol":"http","host":["localhost"],"port":"8080","path":["auth","signup"]}},"response":[]},{"name":"login","id":"ad0e83a1-d9a3-4144-9c48-effddcd24d1e","protocolProfileBehavior":{"disableBodyPruning":true},"request":{"method":"POST","header":[],"body":{"mode":"raw","raw":"{\r\n    \"email\": \"mohamed.amr.salem@gmail.com\",\r\n    \"password\": \"123456\"\r\n}","options":{"raw":{"language":"json"}}},"url":{"raw":"http://localhost:8080/auth/login","protocol":"http","host":["localhost"],"port":"8080","path":["auth","login"]}},"response":[]},{"name":"register course","id":"628dadc0-fbf2-49e4-b40e-9d77fbb130c5","protocolProfileBehavior":{"disableBodyPruning":true},"request":{"auth":{"type":"bearer","bearer":[{"key":"token","value":"eyJhbGciOiJIUzI1NiJ9.eyJzdWIiOiJtb2hhbWVkLmFtci5zYWxlbUBnbWFpbC5jb20iLCJpYXQiOjE3MjE1MDQ0OTYsImV4cCI6MTcyMTUwODA5Nn0.6mc6Et5vbeBCWUyXiGHH1ALFdJQaf7TrAjwaKnWUXLg","type":"string"}]},"method":"POST","header":[],"body":{"mode":"raw","raw":"{\r\n    \"courseId\": 1,\r\n    \"studentId\": 1\r\n}","options":{"raw":{"language":"json"}}},"url":{"raw":"http://localhost:8080/student/registerCourse","protocol":"http","host":["localhost"],"port":"8080","path":["student","registerCourse"]}},"response":[]},{"name":"cancel course","id":"95e06450-d059-4af5-9c06-84540eb2220f","protocolProfileBehavior":{"disableBodyPruning":true},"request":{"auth":{"type":"bearer","bearer":[{"key":"token","value":"eyJhbGciOiJIUzI1NiJ9.eyJzdWIiOiJtb2hhbWVkLmFtci5zYWxlbUBnbWFpbC5jb20iLCJpYXQiOjE3MjE1MDQ4ODcsImV4cCI6MTcyMTUwODQ4N30.u5h-5KXpQPnf99ta5vOKCT3zPe1U4Bnw6ndT6SSBU3c","type":"string"}]},"method":"POST","header":[],"body":{"mode":"raw","raw":"{\r\n    \"courseRegistrationId\": 23\r\n}","options":{"raw":{"language":"json"}}},"url":{"raw":"http://localhost:8080/student/cancelCourse","protocol":"http","host":["localhost"],"port":"8080","path":["student","cancelCourse"]}},"response":[]},{"name":"Course Schedule PDF","id":"c49c76c8-29fa-4b3e-938a-497ab866e571","protocolProfileBehavior":{"disableBodyPruning":true},"request":{"auth":{"type":"bearer","bearer":[{"key":"token","value":"eyJhbGciOiJIUzI1NiJ9.eyJzdWIiOiJtb2hhbWVkLmFtci5zYWxlbUBnbWFpbC5jb20iLCJpYXQiOjE3MjE1MTU2MTIsImV4cCI6MTcyMTUxOTIxMn0.6BliVYiT7r5k-Csehn8ZZWxGLaEuvtoKkQqgsnbANLw","type":"string"}]},"method":"GET","header":[],"url":{"raw":"http://localhost:8080/student/courseSchedule?courseId=1","protocol":"http","host":["localhost"],"port":"8080","path":["student","courseSchedule"],"query":[{"key":"courseId","value":"1"}]}},"response":[]}]}