{"info":{"_postman_id":"905a6b73-50e8-4e3c-a5d2-86081d5573ab","name":"Imal","schema":"https://schema.getpostman.com/json/collection/v2.1.0/collection.json"},"item":[{"name":"account","item":[{"name":"account statement","id":"2dbf6276-9986-49f9-979a-35836d62dce1","protocolProfileBehavior":{"disableBodyPruning":true},"request":{"method":"GET","header":[],"url":{"raw":""}},"response":[]}],"id":"21fdef8b-2a45-45a6-a606-3d2e2194a29a"},{"name":"General Transfer","id":"9604e501-4272-46aa-b61b-141b959cfa0f","protocolProfileBehavior":{"disableBodyPruning":true},"request":{"auth":{"type":"basic","basic":[{"key":"password","value":"{{password}}","type":"string"},{"key":"username","value":"{{username}}","type":"string"}]},"method":"POST","header":[],"body":{"mode":"raw","raw":"{\r\n  \"clientId\": 2,\r\n  \"tracingId\": \"2-574058-username-8367-2024-11-10 15:43:33.706{6785958e-debe-4b0b-a4f0-ceed644eefb9-1145420}\",\r\n  \"userInfo\": null,\r\n  \"asUserID\": \"02845\",\r\n  \"asMachineName\": null,\r\n  \"alAPICode\": 205,\r\n  \"alCompany\": 1,\r\n  \"alBranchCode\": 998,\r\n  \"alTeller\": null,\r\n  \"alTrxType\": 191,\r\n  \"alUseCardAccNo\": 0,\r\n  \"asTransactionTypes\": null,\r\n  \"asCard\": null,\r\n  \"alAccBR\": null,\r\n  \"alAccCY\": null,\r\n  \"alAccGL\": null,\r\n  \"alAccCIF\": null,\r\n  \"alAccSl\": null,\r\n  \"asAccount\": \"0574058001\",\r\n  \"alToAccBr\": 992,\r\n  \"alToAccCy\": 1,\r\n  \"alToAccGl\": 415324,\r\n  \"alToAccCIF\": 0,\r\n  \"alToAccSl\": 0,\r\n  \"asToAccount\": null,\r\n  \"adecAmount\": 50.0,\r\n  \"asCurrency\": 414,\r\n  \"asDateTime\": \"2024-11-18\",\r\n  \"asReference\": \"1@2-3\",\r\n  \"alPos\": null,\r\n  \"asDesc\": \"Salary in Advance Fees\",\r\n  \"asDescArab\": \"رسوم خدمة راتب مقدم\",\r\n  \"adtValueDate\": null,\r\n  \"asBillerCode\": null,\r\n  \"asSoReference\": null,\r\n  \"asInstruction1\": null,\r\n  \"asInstruction2\": null,\r\n  \"asInstruction3\": null,\r\n  \"asInstruction4\": null,\r\n  \"alTrxPurpose\": null,\r\n  \"asApprovedTrx\": 1,\r\n  \"asSenderNote\": null,\r\n  \"asBenefNote\": null,\r\n  \"asBenefFlag\": null\r\n}","options":{"raw":{"language":"json"}}},"url":{"raw":"{{url}}/imal/transfer/generalTransfer","host":["{{url}}"],"path":["imal","transfer","generalTransfer"]}},"response":[]},{"name":"General Transfer reverse","id":"0b1b4800-1c33-413e-87bd-f1987810abea","protocolProfileBehavior":{"disableBodyPruning":true},"request":{"auth":{"type":"basic","basic":[{"key":"password","value":"{{password}}","type":"string"},{"key":"username","value":"{{username}}","type":"string"}]},"method":"POST","header":[],"body":{"mode":"raw","raw":"{\r\n  \"clientId\": 2,\r\n  \"tracingId\": \"2-574058-username-8367-2024-11-10 15:43:33.706{6785958e-debe-4b0b-a4f0-ceed644eefb9-1145420}\",\r\n  \"userInfo\": null,\r\n  \"asUserID\": \"02845\",\r\n  \"asMachineName\": null,\r\n  \"alAPICode\": 205,\r\n  \"alCompany\": 1,\r\n  \"alBranchCode\": 998,\r\n  \"alTeller\": null,\r\n  \"alTrxType\": 191,\r\n  \"alUseCardAccNo\": 0,\r\n  \"asTransactionTypes\": null,\r\n  \"asCard\": null,\r\n  \"alAccBR\": null,\r\n  \"alAccCY\": null,\r\n  \"alAccGL\": null,\r\n  \"alAccCIF\": null,\r\n  \"alAccSl\": null,\r\n  \"asAccount\": \"0574058001\",\r\n  \"alToAccBr\": 992,\r\n  \"alToAccCy\": 1,\r\n  \"alToAccGl\": 415324,\r\n  \"alToAccCIF\": 0,\r\n  \"alToAccSl\": 0,\r\n  \"asToAccount\": null,\r\n  \"adecAmount\": 50.0,\r\n  \"asCurrency\": 414,\r\n  \"asDateTime\": \"2024-11-18\",\r\n  \"asReference\": \"1@2-3\",\r\n  \"alPos\": null,\r\n  \"asDesc\": \"Salary in Advance Fees\",\r\n  \"asDescArab\": \"رسوم خدمة راتب مقدم\",\r\n  \"adtValueDate\": null,\r\n  \"asBillerCode\": null,\r\n  \"asSoReference\": null,\r\n  \"asInstruction1\": null,\r\n  \"asInstruction2\": null,\r\n  \"asInstruction3\": null,\r\n  \"asInstruction4\": null,\r\n  \"alTrxPurpose\": null,\r\n  \"asApprovedTrx\": 1,\r\n  \"asSenderNote\": null,\r\n  \"asBenefNote\": null,\r\n  \"asBenefFlag\": null\r\n}","options":{"raw":{"language":"json"}}},"url":{"raw":"{{url}}/imal/transfer/generalTransferReverse","host":["{{url}}"],"path":["imal","transfer","generalTransferReverse"]}},"response":[]}]}