{"info":{"_postman_id":"9ce7d3d4-3093-4427-9e6e-b55d1a4774ea","name":"Brokerage","schema":"https://schema.getpostman.com/json/collection/v2.1.0/collection.json"},"item":[{"name":"processMubasherTransaction","id":"9154d7d3-ec79-46dd-88ff-70d9a8eddbc3","protocolProfileBehavior":{"disableBodyPruning":true},"request":{"auth":{"type":"basic","basic":[{"key":"password","value":"P@ssw0rd","type":"string"},{"key":"username","value":"300166u","type":"string"}]},"method":"POST","header":[],"body":{"mode":"raw","raw":"{\r\n    \"depositAmount\": 15,\r\n    \"tracingId\": \"2-105314-username-0004-2024-06-20 15:40:51.519{8030C331-579E-44BF-AF34-EBC12AF0E381-132salem11}\",\r\n    \"mubasherAccountNo\": \"275095514\",\r\n    \"clientId\": 2,\r\n    \"currency\": \"KWD\"\r\n}","options":{"raw":{"language":"json"}}},"url":{"raw":"{{url}}/brokerage/v1/processMubasherTransaction","host":["{{url}}"],"path":["brokerage","v1","processMubasherTransaction"]}},"response":[]},{"name":"withdrawCash","id":"cfe6f262-d96c-4b4b-8c17-cd7d621f7d6c","protocolProfileBehavior":{"disableBodyPruning":true},"request":{"auth":{"type":"basic","basic":[{"key":"password","value":"P@ssw0rd","type":"string"},{"key":"username","value":"300166u","type":"string"}]},"method":"POST","header":[],"body":{"mode":"raw","raw":"{\r\n   \"brokerageAccount\": \"275095515\",\r\n   \"trxReference\": \"1733979643851\",\r\n   \"tracingId\": \"BBNTY_1733980484720_46\",\r\n   \"amount\": 100,\r\n   \"customerCreditAccount\": \"0570644001\",\r\n   \"currency\": \"KWD\"\r\n}","options":{"raw":{"language":"json"}}},"url":{"raw":"{{url}}/brokerage/withdrawCash","host":["{{url}}"],"path":["brokerage","withdrawCash"]}},"response":[]}]}