{"info":{"_postman_id":"a91c4428-a206-40a0-9d66-e6a2176831c0","name":"Auto settle","schema":"https://schema.getpostman.com/json/collection/v2.1.0/collection.json"},"item":[{"name":"settleTransaction","id":"303c567e-2ca5-423d-af2e-531f478210d0","protocolProfileBehavior":{"disableBodyPruning":true},"request":{"auth":{"type":"basic","basic":[{"key":"password","value":"P@ssw0rd","type":"string"},{"key":"username","value":"300166u","type":"string"}]},"method":"POST","header":[],"body":{"mode":"raw","raw":"{\r\n  \"clientId\": 2,\r\n  \"tracingId\": \"2-574058-zxusvername-8367-2024-11-10 1:43:33.706{6785958ex-debe-4bz0b-a4f0-ceed644eefb9-114542}_21_1\",\r\n  \"callerServiceId\": \"SALARY_ADVANCE\",\r\n  \"accountNo\": \"0102911001\",\r\n  \"trxAmount\": 200.0,\r\n  \"trxDesc\": \"21_cf7370d9-3632-430d-b2ca-696e2042c1ee\",\r\n  \"trxDate\": \"2024-11-27\",\r\n  \"trxType\": 945,\r\n  \"companyCode\": 1,\r\n  \"trxBranchCode\": 998,\r\n  \"trxCurrencyIso\": 414,\r\n  \"fromAccountAdditionalRef\": null,\r\n  \"fromAccountBranch\": 992,\r\n  \"fromAccountCurrency\": 1,\r\n  \"fromAccountAccGl\": 115931,\r\n  \"fromAccountSerialNo\": 0,\r\n  \"fromAccountCif\": 3001,\r\n  \"toAccountAdditionalRef\": \"0102911001\",\r\n  \"toAccountBranch\": null,\r\n  \"toAccountCurrency\": null,\r\n  \"toAccountAccGl\": null,\r\n  \"toAccountSerialNo\": null,\r\n  \"toAccountCif\": null,\r\n  \"transactionPurpose\": null,\r\n  \"instructions1\": null,\r\n  \"instructions2\": null,\r\n  \"instructions3\": null,\r\n  \"instructions4\": null,\r\n  \"dofDescription\": \"21_cf7370d9-3632-430d-b2ca-696e2042c1ee\",\r\n  \"dofDescriptionArabic\": null,\r\n  \"userID\": \"02845\"\r\n}","options":{"raw":{"language":"json"}}},"url":{"raw":"{{url}}/autoSettle/autoSettlement/settleTransaction","host":["{{url}}"],"path":["autoSettle","autoSettlement","settleTransaction"]}},"response":[]}]}