{"info":{"_postman_id":"ada3626f-f9e9-4858-a5b5-99054ecba6f0","name":"Murex","schema":"https://schema.getpostman.com/json/collection/v2.1.0/collection.json"},"item":[{"name":"getFxPosition","id":"95ef1648-4fe1-4fab-871a-4e1a2154a875","protocolProfileBehavior":{"disableBodyPruning":true},"request":{"auth":{"type":"basic","basic":[{"key":"password","value":"P@ssw0rd","type":"string"},{"key":"username","value":"v00573u","type":"string"}]},"method":"POST","header":[],"body":{"mode":"raw","raw":"{\r\n    \"clientId\": \"20\",\r\n    \"tracingId\": \"25\",\r\n    \"fromDateTime\": \"2024-10-11 00:00:00\",\r\n    \"toDateTime\": \"2024-10-12 23:00:00\"\r\n}","options":{"raw":{"language":"json"}}},"url":{"raw":"https://172.26.3.173:16011/imal/MIS/getFXPosition","protocol":"https","host":["172","26","3","173"],"port":"16011","path":["imal","MIS","getFXPosition"]}},"response":[]},{"name":"getAggregatedNostroTransactions","id":"0b2c59d9-a9dd-40c2-b2a0-3abb65357723","protocolProfileBehavior":{"disableBodyPruning":true},"request":{"method":"POST","header":[],"body":{"mode":"raw","raw":"{\r\n    \"clientId\": \"20\",\r\n    \"tracingId\": \"25\",\r\n    \"fromDateTime\": \"2024-10-11 00:00:00\",\r\n    \"toDateTime\": \"2024-10-12 23:00:00\"\r\n}","options":{"raw":{"language":"json"}}},"url":{"raw":"https://172.26.3.173:16011/imal/MIS/getAggregatedNostroTransactions","protocol":"https","host":["172","26","3","173"],"port":"16011","path":["imal","MIS","getAggregatedNostroTransactions"]}},"response":[]},{"name":"getFxPosition-local","id":"aa451a14-6793-4ec7-a803-0a4ea4528c5d","protocolProfileBehavior":{"disableBodyPruning":true},"request":{"auth":{"type":"basic","basic":[{"key":"password","value":"P@ssw0rd","type":"string"},{"key":"username","value":"v00573u","type":"string"}]},"method":"POST","header":[],"body":{"mode":"raw","raw":"{\r\n    \"clientId\": \"20\",\r\n    \"tracingId\": \"Aman25\",\r\n    \"fromDateTime\": \"2024-10-11 00:00:00\",\r\n    \"toDateTime\": \"2024-10-12 23:00:00\"\r\n}","options":{"raw":{"language":"json"}}},"url":{"raw":"https://172.26.3.173:16011/es-murex/murexServices/getFXPosition","protocol":"https","host":["172","26","3","173"],"port":"16011","path":["es-murex","murexServices","getFXPosition"]}},"response":[]},{"name":"getAggregatedNostroTransactions-local","id":"31efbc88-233a-4389-bc5d-06dec0b289d5","protocolProfileBehavior":{"disableBodyPruning":true},"request":{"method":"POST","header":[],"body":{"mode":"raw","raw":"{\r\n    \"clientId\": \"21\",\r\n    \"tracingId\": \"22\",\r\n    \"toDateTime\": \"2024-10-12 23:00:00\",\r\n    \"fromDateTime\": \"2024-10-11 00:00:00\"\r\n}","options":{"raw":{"language":"json"}}},"url":{"raw":"https://172.26.3.173:16011/es-murex/murexServices/getAggregatedNostroTransactions","protocol":"https","host":["172","26","3","173"],"port":"16011","path":["es-murex","murexServices","getAggregatedNostroTransactions"]}},"response":[]},{"name":"New Request","id":"7945c842-78d1-44d7-8e8b-8f1124c94c0c","protocolProfileBehavior":{"disableBodyPruning":true},"request":{"method":"GET","header":[],"body":{"mode":"raw","raw":"","options":{"raw":{"language":"xml"}}},"url":{"raw":""}},"response":[]},{"name":"onlinesettlement-local","id":"be3334dd-da71-48f7-ad48-c7f33d79c210","protocolProfileBehavior":{"disableBodyPruning":true},"request":{"method":"POST","header":[],"body":{"mode":"raw","raw":"{\r\n    \"paymentId\": \"1234\",\r\n    \"debitAccount\": \"1212112\",\r\n    \"creditAccount\": null,\r\n    \"trxCurrency\": 24,\r\n    \"debitAmount\": 222.345,\r\n    \"tradeID\": \"5678\",\r\n    \"clientId\": 59,\r\n    \"tracingId\": \"999\"\r\n}","options":{"raw":{"language":"json"}}},"url":{"raw":"https://172.26.3.173:16011/es-murex/murexServices/onlineSettlementTransaction","protocol":"https","host":["172","26","3","173"],"port":"16011","path":["es-murex","murexServices","onlineSettlementTransaction"]}},"response":[]},{"name":"Convert Currency","id":"f20a3bb9-2c04-419c-85b9-7de2b40bbdac","protocolProfileBehavior":{"disableBodyPruning":true},"request":{"method":"POST","header":[],"body":{"mode":"raw","raw":"{\r\n    \"tracingId\": \"Aman1234\",\r\n    \"clientId\": 59,\r\n    \"companyCode\": \"1\",\r\n    \"adecTrsAmnt\": 223.3,\r\n    \"adDate\": \"10-12-2024\",\r\n    \"alTrsCy\": 24,\r\n    \"asFromAccRef\": 2233,\r\n    \"alToAccCy\": \"1\",\r\n    \"alToAccCIF\": \"00\"\r\n}","options":{"raw":{"language":"json"}}},"url":{"raw":"https://172.26.3.173:16011/imal/currencyService/convertCurrency","protocol":"https","host":["172","26","3","173"],"port":"16011","path":["imal","currencyService","convertCurrency"]}},"response":[]},{"name":"convertCurrency-GW","id":"2215304e-7d2c-4803-9d93-0119e75b9bf1","protocolProfileBehavior":{"disableBodyPruning":true},"request":{"method":"POST","header":[],"url":{"raw":"https://uat.apigw.boubyan.com:8444/currencyService/convertCurrency","protocol":"https","host":["uat","apigw","boubyan","com"],"port":"8444","path":["currencyService","convertCurrency"]}},"response":[]},{"name":"Fx-Position-GW","id":"58cd2a14-1ce7-4ba2-9c6c-c0138008ddbf","protocolProfileBehavior":{"disableBodyPruning":true},"request":{"auth":{"type":"basic","basic":[{"key":"password","value":"974a949a5bf44adfa35675e7785903d9","type":"string"},{"key":"username","value":"l7d3c84b65f63c40a88a529ac6fd464183","type":"string"}]},"method":"POST","header":[],"body":{"mode":"raw","raw":"{\r\n    \"clientId\": \"21\",\r\n    \"tracingId\": \"25\",\r\n    \"fromDateTime\": \"2024-10-11 00:00:00\",\r\n    \"toDateTime\": \"2024-10-11 00:00:00\"\r\n}","options":{"raw":{"language":"json"}}},"url":{"raw":"https://172.26.3.57:8444/imal/v1/getFXPosition","protocol":"https","host":["172","26","3","57"],"port":"8444","path":["imal","v1","getFXPosition"]}},"response":[]},{"name":"getAccountDetails","id":"a155577b-0d8a-4e26-b48b-bee4fe7b5aa5","protocolProfileBehavior":{"disableBodyPruning":true},"request":{"method":"POST","header":[],"body":{"mode":"raw","raw":"{\r\n  \"clientId\": 59,\r\n  \"tracingId\": \"Aman123\", \r\n  \"accountNo\": \"1234\"\r\n}","options":{"raw":{"language":"json"}}},"url":{"raw":"https://172.26.3.173:16011/account/accountService/accountDetails","protocol":"https","host":["172","26","3","173"],"port":"16011","path":["account","accountService","accountDetails"]}},"response":[]}]}