{"info":{"_postman_id":"b1691ea5-b205-495c-93f0-c379b2a85540","name":"Notificaiton","schema":"https://schema.getpostman.com/json/collection/v2.1.0/collection.json"},"item":[{"name":"SendNotification","id":"7416e355-732a-478e-8167-aecd792187d9","protocolProfileBehavior":{"disableBodyPruning":true},"request":{"auth":{"type":"basic","basic":[{"key":"password","value":"1fb2730758b34c7db671fb11d575f72a","type":"string"},{"key":"username","value":"l70a77c86ab9c04954b138e358b8cb2f8e","type":"string"}]},"method":"POST","header":[],"body":{"mode":"raw","raw":"{\r\n  \"clientId\": 7,\r\n  \"tracingId\": \"2024-11-05 11:42:51-7-ecaa44ba-4c17-47a5-8f17-2ec92c5d547c-492\",\r\n  \"userInfo\": null,\r\n  \"idType\": \"CIF\",\r\n  \"idNo\": \"569723\",\r\n  \"onlySMS\": 0,\r\n  \"onlyPush\": 0,\r\n  \"onlyEmail\": 0,\r\n  \"onlyBchat\": 0,\r\n  \"messageUniqueIdentifier\": null,\r\n  \"eventId\": 492,\r\n  \"notificationType\": null,\r\n  \"messageTemplateKey\": \"BIRTHDAY_ENGAGEMENT_AL_GHALY\",\r\n  \"updateEventStatus\": \"Y\",\r\n  \"avoidSms\": 1\r\n}","options":{"raw":{"language":"json"}}},"url":{"raw":"https://172.26.3.57:8444/NotificationService/SendNotification","protocol":"https","host":["172","26","3","57"],"port":"8444","path":["NotificationService","SendNotification"]}},"response":[]},{"name":"getCIFAdditionalProfileDetails","id":"372a7bad-f5e8-4d4c-aa6c-fd2e4c554238","protocolProfileBehavior":{"disableBodyPruning":true},"request":{"auth":{"type":"basic","basic":[{"key":"password","value":"P@ssw0rd","type":"string"},{"key":"username","value":"300166u","type":"string"}]},"method":"POST","header":[],"body":{"mode":"raw","raw":"{\r\n  \"clientId\": 7,\r\n  \"tracingId\": \"2024-11-05 11:42:51-7-ecaa44ba-4c17-47a5-8f17-2ec92c5d547c-492\",\r\n  \"cif\": \"529739\"\r\n}","options":{"raw":{"language":"json"}}},"url":{"raw":"{{url}}/notification/cifAdditionalProfile/getCIFAdditionalProfileDetails","host":["{{url}}"],"path":["notification","cifAdditionalProfile","getCIFAdditionalProfileDetails"]}},"response":[]},{"name":"dataEvent bulkReceiver","id":"997f15f1-0c41-4fda-9bcc-6d3c64e2021f","protocolProfileBehavior":{"disableBodyPruning":true},"request":{"method":"POST","header":[{"key":"Content-Type","value":"application/json","type":"text"}],"body":{"mode":"raw","raw":"{\r\n    \"tracingId\": \"2024-11-06 08:19:06-7-4905eb14-46a4-49ac-95b9-3c658cc934fb\",\r\n    \"clientId\": 7,\r\n    \"eventsList\": [\r\n        {\r\n            \"eventId\": 731,\r\n            \"eventInfo\": {\r\n                \"MessageTemplateParamsPairList\": {\r\n                    \"messageTemplateParamsPair\": [\r\n                        {\r\n                            \"value\": \"ط§ظ\\u2026ظ\\u008aط±ط©\",\r\n                            \"key\": \"childNameAr\"\r\n                        },\r\n                        {\r\n                            \"value\": \"Amira\",\r\n                            \"key\": \"childNameEn\"\r\n                        },\r\n                        {\r\n                            \"value\": \"FEMALE\",\r\n                            \"key\": \"gender\"\r\n                        }\r\n                    ]\r\n                },\r\n                \"EventName\": \"NOTIFICATION\",\r\n                \"UpdateFinalStatus\": \"Y\"\r\n            },\r\n            \"createdDate\": \"11/6/2024 8:19:02 AM\",\r\n            \"eventSource\": \"MIS\",\r\n            \"messageUniqueIdentifier\": \"1c877462151e4f179ed786f8ef6df2d5\",\r\n            \"additionalInfo\": {\r\n                \"EventName\": \"NOTIFICATION\",\r\n                \"UpdateFinalStatus\": \"Y\"\r\n            },\r\n            \"eventType\": \"ALGHALY_BIRTHDAY\",\r\n            \"subjectType\": \"CIF\",\r\n            \"subjectId\": \"569723\",\r\n            \"status\": \"IN_QUEUE\"\r\n        }\r\n    ],\r\n    \"eventRepository\": \"BBCREDIT\"\r\n}","options":{"raw":{"language":"json"}}},"url":{"raw":"https://172.26.3.101:18011/notification/dataEvent/bulkReceiver","protocol":"https","host":["172","26","3","101"],"port":"18011","path":["notification","dataEvent","bulkReceiver"]}},"response":[]}]}