{"info":{"_postman_id":"be74f211-d277-43b5-be79-f6d029a81033","name":"FinanceSystem","schema":"https://schema.getpostman.com/json/collection/v2.1.0/collection.json"},"item":[{"name":"Category","item":[{"name":"create category","event":[{"listen":"prerequest","script":{"id":"6ad084e3-8d9c-479c-a538-5cd4ec360836","exec":[""],"type":"text/javascript"}}],"id":"e9bfd395-0fad-407c-815d-9ab796fb03bd","protocolProfileBehavior":{"disableBodyPruning":true},"request":{"auth":{"type":"bearer","bearer":[{"key":"token","value":"{{token}}","type":"string"}]},"method":"POST","header":[{"key":"Accept","value":"application/json","type":"text"}],"body":{"mode":"formdata","formdata":[{"key":"name","value":"Category2","type":"text"},{"key":"type","value":"non_current_assets","type":"text"}]},"url":{"raw":"{{url}}/categories","host":["{{url}}"],"path":["categories"]}},"response":[{"id":"530c2db1-9da8-4890-8bc6-15be7f09379c","name":"create category","originalRequest":{"method":"POST","header":[{"key":"Accept","value":"application/json","type":"text"}],"body":{"mode":"formdata","formdata":[{"key":"name","value":"Category1","type":"text"},{"key":"type","value":"current_assets","type":"text"}]},"url":{"raw":"{{url}}/categories","host":["{{url}}"],"path":["categories"]}},"status":"OK","code":200,"_postman_previewlanguage":"json","header":[{"key":"Host","value":"127.0.0.1:8000"},{"key":"Date","value":"Wed, 04 Mar 2020 11:34:02 GMT"},{"key":"Date","value":"Wed, 04 Mar 2020 11:34:02 GMT"},{"key":"Connection","value":"close"},{"key":"X-Powered-By","value":"PHP/7.3.6"},{"key":"Cache-Control","value":"no-cache, private"},{"key":"Content-Type","value":"application/json"},{"key":"Access-Control-Allow-Origin","value":"*"},{"key":"Access-Control-Allow-Methods","value":"POST, GET, OPTIONS, PUT, DELETE"},{"key":"Access-Control-Allow-Headers","value":"Content-Type, Accept, Authorization, x-xsrf-token ,X-Requested-With, Application"},{"key":"X-RateLimit-Limit","value":"60"},{"key":"X-RateLimit-Remaining","value":"59"}],"cookie":[],"responseTime":null,"body":"{\n    \"type\": \"current_assets\",\n    \"name\": \"Category1\",\n    \"company_id\": 1,\n    \"updated_at\": \"2020-03-04 11:34:01\",\n    \"created_at\": \"2020-03-04 11:34:01\",\n    \"id\": 3\n}"}]},{"name":"update category","event":[{"listen":"prerequest","script":{"id":"6ad084e3-8d9c-479c-a538-5cd4ec360836","exec":[""],"type":"text/javascript"}}],"id":"71c78484-6787-4a82-a418-05f669cb3319","protocolProfileBehavior":{"disableBodyPruning":true},"request":{"auth":{"type":"bearer","bearer":[{"key":"token","value":"{{token}}","type":"string"}]},"method":"PUT","header":[{"key":"Accept","type":"text","value":"application/json"},{"key":"Content-Type","name":"Content-Type","value":"application/json","type":"text"}],"body":{"mode":"raw","raw":"{\n    \"name\": \"Category test213\",\n    \"type\": \"current_assets\"\n}","options":{"raw":{"language":"json"}}},"url":{"raw":"{{url}}/categories/4","host":["{{url}}"],"path":["categories","4"]}},"response":[]},{"name":"retrieve category","event":[{"listen":"prerequest","script":{"id":"6ad084e3-8d9c-479c-a538-5cd4ec360836","exec":[""],"type":"text/javascript"}}],"id":"3efe998c-8ef3-49aa-a5ee-f6c833440cfc","protocolProfileBehavior":{"disableBodyPruning":true},"request":{"auth":{"type":"bearer","bearer":[{"key":"token","value":"{{token}}","type":"string"}]},"method":"GET","header":[{"key":"Accept","type":"text","value":"application/json"}],"body":{"mode":"formdata","formdata":[{"key":"name","value":"Category2","type":"text"},{"key":"type","value":"non_current_assets","type":"text"}]},"url":{"raw":"{{url}}/categories/1","host":["{{url}}"],"path":["categories","1"]}},"response":[]},{"name":"retrieve all categories","event":[{"listen":"prerequest","script":{"id":"6ad084e3-8d9c-479c-a538-5cd4ec360836","exec":[""],"type":"text/javascript"}}],"id":"ae80425f-336f-4d5a-823f-3fc84bf35570","protocolProfileBehavior":{"disableBodyPruning":true},"request":{"auth":{"type":"bearer","bearer":[{"key":"token","value":"{{token}}","type":"string"}]},"method":"GET","header":[{"key":"Accept","type":"text","value":"application/json"}],"body":{"mode":"formdata","formdata":[]},"url":{"raw":"{{url}}/categories","host":["{{url}}"],"path":["categories"]}},"response":[]},{"name":"incomestatement","event":[{"listen":"prerequest","script":{"id":"6ad084e3-8d9c-479c-a538-5cd4ec360836","exec":[""],"type":"text/javascript"}}],"id":"9caff5fc-42bc-4973-a16e-0987c130172c","protocolProfileBehavior":{"disableBodyPruning":true},"request":{"auth":{"type":"bearer","bearer":[{"key":"token","value":"{{token}}","type":"string"}]},"method":"GET","header":[{"key":"Accept","type":"text","value":"application/json"}],"body":{"mode":"formdata","formdata":[]},"url":{"raw":"{{url}}/categories/incomeStatement?from_date=2020-03-05&to_date=2020-04-12","host":["{{url}}"],"path":["categories","incomeStatement"],"query":[{"key":"from_date","value":"2020-03-05"},{"key":"to_date","value":"2020-04-12"}]}},"response":[]},{"name":"retrieve subcategories for certain category","event":[{"listen":"prerequest","script":{"id":"6ad084e3-8d9c-479c-a538-5cd4ec360836","exec":[""],"type":"text/javascript"}}],"id":"5bac27fb-6e41-4f5d-9186-fccad268478e","protocolProfileBehavior":{"disableBodyPruning":true},"request":{"auth":{"type":"bearer","bearer":[{"key":"token","value":"{{token}}","type":"string"}]},"method":"GET","header":[{"key":"Accept","type":"text","value":"application/json"}],"body":{"mode":"formdata","formdata":[{"key":"name","value":"Category2","type":"text"},{"key":"type","value":"non_current_assets","type":"text"}]},"url":{"raw":"{{url}}/categories/7/subcategories","host":["{{url}}"],"path":["categories","7","subcategories"]}},"response":[]},{"name":"delete category","event":[{"listen":"prerequest","script":{"id":"6ad084e3-8d9c-479c-a538-5cd4ec360836","exec":[""],"type":"text/javascript"}}],"id":"0d0eb527-2d99-40b7-a75c-b3fe05f5e888","protocolProfileBehavior":{"disableBodyPruning":true},"request":{"auth":{"type":"bearer","bearer":[{"key":"token","value":"{{token}}","type":"string"}]},"method":"DELETE","header":[{"key":"Accept","type":"text","value":"application/json"}],"body":{"mode":"formdata","formdata":[{"key":"name","value":"Category2","type":"text"},{"key":"type","value":"non_current_assets","type":"text"}]},"url":{"raw":"{{url}}/categories/2","host":["{{url}}"],"path":["categories","2"]}},"response":[]}],"id":"1b7db048-eddd-42cf-a997-638cf238b92d"},{"name":"SubCategory","item":[{"name":"create subcategory","event":[{"listen":"prerequest","script":{"id":"6ad084e3-8d9c-479c-a538-5cd4ec360836","exec":[""],"type":"text/javascript"}}],"id":"de8c8ad0-9d75-4053-99fa-28941995c6c3","protocolProfileBehavior":{"disableBodyPruning":true},"request":{"auth":{"type":"bearer","bearer":[{"key":"token","value":"{{token}}","type":"string"}]},"method":"POST","header":[{"key":"Accept","type":"text","value":"application/json"}],"body":{"mode":"formdata","formdata":[{"key":"category_id","value":"6","type":"text"},{"key":"name","value":"test2","type":"text"}]},"url":{"raw":"{{url}}/subcategories","host":["{{url}}"],"path":["subcategories"]}},"response":[{"id":"5bdc67bc-6624-4199-81dd-268a3befc61f","name":"create subcategory","originalRequest":{"method":"POST","header":[{"key":"Accept","type":"text","value":"application/json"}],"body":{"mode":"formdata","formdata":[{"key":"category_id","value":"1","type":"text"},{"key":"name","value":"test2","type":"text"}]},"url":{"raw":"{{url}}/subcategories","host":["{{url}}"],"path":["subcategories"]}},"status":"OK","code":200,"_postman_previewlanguage":"json","header":[{"key":"Host","value":"127.0.0.1:8000"},{"key":"Date","value":"Wed, 04 Mar 2020 11:34:23 GMT"},{"key":"Date","value":"Wed, 04 Mar 2020 11:34:23 GMT"},{"key":"Connection","value":"close"},{"key":"X-Powered-By","value":"PHP/7.3.6"},{"key":"Cache-Control","value":"no-cache, private"},{"key":"Content-Type","value":"application/json"},{"key":"Access-Control-Allow-Origin","value":"*"},{"key":"Access-Control-Allow-Methods","value":"POST, GET, OPTIONS, PUT, DELETE"},{"key":"Access-Control-Allow-Headers","value":"Content-Type, Accept, Authorization, x-xsrf-token ,X-Requested-With, Application"},{"key":"X-RateLimit-Limit","value":"60"},{"key":"X-RateLimit-Remaining","value":"58"}],"cookie":[],"responseTime":null,"body":"{\n    \"category_id\": \"1\",\n    \"name\": \"test2\",\n    \"company_id\": 1,\n    \"updated_at\": \"2020-03-04 11:34:22\",\n    \"created_at\": \"2020-03-04 11:34:22\",\n    \"id\": 3\n}"}]},{"name":"update subcategory","event":[{"listen":"prerequest","script":{"id":"6ad084e3-8d9c-479c-a538-5cd4ec360836","exec":[""],"type":"text/javascript"}}],"id":"a7a8c530-c754-4dda-ae19-71b9bfedf4e6","protocolProfileBehavior":{"disableBodyPruning":true},"request":{"auth":{"type":"bearer","bearer":[{"key":"token","value":"{{token}}","type":"string"}]},"method":"PUT","header":[{"key":"Accept","type":"text","value":"application/json"},{"key":"Content-Type","name":"Content-Type","value":"application/json","type":"text"}],"body":{"mode":"raw","raw":"{\n    \"name\": \"subCategory test2136\",\n    \"category_id\": 4\n}","options":{"raw":{"language":"json"}}},"url":{"raw":"{{url}}/subcategories/6","host":["{{url}}"],"path":["subcategories","6"]}},"response":[]},{"name":"retrieve  subcategory","event":[{"listen":"prerequest","script":{"id":"6ad084e3-8d9c-479c-a538-5cd4ec360836","exec":[""],"type":"text/javascript"}}],"id":"383b2ff4-68c5-4486-bb62-afc8aa7c81ac","protocolProfileBehavior":{"disableBodyPruning":true},"request":{"auth":{"type":"bearer","bearer":[{"key":"token","value":"{{token}}","type":"string"}]},"method":"GET","header":[{"key":"Accept","type":"text","value":"application/json"}],"body":{"mode":"formdata","formdata":[]},"url":{"raw":"{{url}}/subcategories/6","host":["{{url}}"],"path":["subcategories","6"]}},"response":[]},{"name":"retrieve all subcategories","event":[{"listen":"prerequest","script":{"id":"6ad084e3-8d9c-479c-a538-5cd4ec360836","exec":[""],"type":"text/javascript"}}],"id":"97b0b8b6-8c9c-4b8e-85e2-600702a52642","protocolProfileBehavior":{"disableBodyPruning":true},"request":{"auth":{"type":"bearer","bearer":[{"key":"token","value":"{{token}}","type":"string"}]},"method":"GET","header":[{"key":"Accept","type":"text","value":"application/json"}],"body":{"mode":"formdata","formdata":[]},"url":{"raw":"{{url}}/subcategories","host":["{{url}}"],"path":["subcategories"]}},"response":[]},{"name":"balance sheet","event":[{"listen":"prerequest","script":{"id":"6ad084e3-8d9c-479c-a538-5cd4ec360836","exec":[""],"type":"text/javascript"}}],"id":"5c711f31-2d4e-4a18-ad3a-99cd8dde4860","protocolProfileBehavior":{"disableBodyPruning":true},"request":{"auth":{"type":"bearer","bearer":[{"key":"token","value":"{{token}}","type":"string"}]},"method":"GET","header":[{"key":"Accept","type":"text","value":"application/json"}],"body":{"mode":"formdata","formdata":[]},"url":{"raw":"{{url}}/subcategories/balanceSheet?from_date=2020-01-12&to_date=2020-04-12","host":["{{url}}"],"path":["subcategories","balanceSheet"],"query":[{"key":"from_date","value":"2020-01-12"},{"key":"to_date","value":"2020-04-12"}]}},"response":[]},{"name":"accounts report","event":[{"listen":"prerequest","script":{"id":"6ad084e3-8d9c-479c-a538-5cd4ec360836","exec":[""],"type":"text/javascript"}}],"id":"da316773-ada0-4dba-a6eb-7c1394be5987","protocolProfileBehavior":{"disableBodyPruning":true},"request":{"auth":{"type":"bearer","bearer":[{"key":"token","value":"{{token}}","type":"string"}]},"method":"GET","header":[{"key":"Accept","type":"text","value":"application/json"}],"body":{"mode":"raw","raw":""},"url":{"raw":"{{url}}/subcategories/accountsReport/AR?from_date=2020-01-01&to_date=2020-04-12&cycle_days=10&cycle_count=5","host":["{{url}}"],"path":["subcategories","accountsReport","AR"],"query":[{"key":"from_date","value":"2020-01-01"},{"key":"to_date","value":"2020-04-12"},{"key":"cycle_days","value":"10"},{"key":"cycle_count","value":"5"},{"key":"type","value":"AR","disabled":true}]}},"response":[]},{"name":"accounts report transactions","event":[{"listen":"prerequest","script":{"id":"6ad084e3-8d9c-479c-a538-5cd4ec360836","exec":[""],"type":"text/javascript"}}],"id":"745f00a6-ccf2-464d-8334-bdd6d0e0d86a","protocolProfileBehavior":{"disableBodyPruning":true},"request":{"auth":{"type":"bearer","bearer":[{"key":"token","value":"{{token}}","type":"string"}]},"method":"GET","header":[{"key":"Accept","type":"text","value":"application/json"}],"body":{"mode":"raw","raw":""},"url":{"raw":"{{url}}/subcategories/accountsReport/transactions?from_date=2020-02-01&to_date=2020-05-20&account_id=26","host":["{{url}}"],"path":["subcategories","accountsReport","transactions"],"query":[{"key":"from_date","value":"2020-02-01","type":"text"},{"key":"to_date","value":"2020-05-20","type":"text"},{"key":"account_id","value":"26","type":"text"}]}},"response":[]},{"name":"delete subcategory","event":[{"listen":"prerequest","script":{"id":"6ad084e3-8d9c-479c-a538-5cd4ec360836","exec":[""],"type":"text/javascript"}}],"id":"6a72362c-9960-4a78-8436-d503035e24ae","protocolProfileBehavior":{"disableBodyPruning":true},"request":{"auth":{"type":"bearer","bearer":[{"key":"token","value":"{{token}}","type":"string"}]},"method":"DELETE","header":[{"key":"Accept","type":"text","value":"application/json"}],"body":{"mode":"formdata","formdata":[{"key":"name","value":"Category2","type":"text"},{"key":"type","value":"non_current_assets","type":"text"}]},"url":{"raw":"{{url}}/subcategories/7","host":["{{url}}"],"path":["subcategories","7"]}},"response":[]}],"id":"704b800e-9e80-4831-9e1e-fc5f21190d01"},{"name":"Transactions","item":[{"name":"create transaction","event":[{"listen":"prerequest","script":{"id":"6ad084e3-8d9c-479c-a538-5cd4ec360836","exec":[""],"type":"text/javascript"}}],"id":"4623dbf7-69f3-4841-a933-a4bb22714a26","protocolProfileBehavior":{"disableBodyPruning":true},"request":{"auth":{"type":"bearer","bearer":[{"key":"token","value":"{{token}}","type":"string"}]},"method":"POST","header":[{"key":"Accept","type":"text","value":"application/json"}],"body":{"mode":"formdata","formdata":[{"key":"category_id","value":"1","type":"text"},{"key":"subcategory_id","value":"8","type":"text"},{"key":"name","value":"tr1","type":"text"},{"key":"value","value":"22.01","type":"text"},{"key":"date","value":"2020-02-27","type":"text"}]},"url":{"raw":"{{url}}/transactions","host":["{{url}}"],"path":["transactions"]}},"response":[]},{"name":"bulk create transactions","event":[{"listen":"prerequest","script":{"id":"6ad084e3-8d9c-479c-a538-5cd4ec360836","exec":[""],"type":"text/javascript"}}],"id":"36251add-e09f-49c4-8c93-a5d6ae999759","protocolProfileBehavior":{"disableBodyPruning":true},"request":{"auth":{"type":"bearer","bearer":[{"key":"token","value":"{{token}}","type":"string"}]},"method":"POST","header":[{"key":"Accept","type":"text","value":"application/json"},{"key":"Content-Type","name":"Content-Type","value":"application/json","type":"text"}],"body":{"mode":"raw","raw":"{\n    \"transactions\": [\n        {\n            \"transactionable_id\": \"26\",\n            \"transactionable_type\": \"subcategory\",\n            \"name\": \"tr1\",\n            \"value\": \"600\",\n            \"debit\": \"13\",\n            \"credit\": \"0\",\n            \"date\": \"2020-02-27\",\n            \"description\": \"nice\"\n            \n\n        },\n        {\n            \"transactionable_id\": \"26\",\n            \"transactionable_type\": \"subcategory\",\n            \"name\": \"tr1\",\n            \"value\": \"-400\",\n            \"debit\": \"123\",\n            \"credit\": \"0\",\n            \"date\": \"2020-03-27\",\n            \"description\": \"nice\"\n        },\n        {\n            \"transactionable_id\": \"5\",\n            \"transactionable_type\": \"category\",\n            \"name\": \"tr1\",\n            \"value\": \"-200\",\n            \"debit\": \"0\",\n            \"credit\": \"136\",\n            \"date\": \"2020-03-27\",\n            \"description\": \"nice\"\n          \n            \n        }\n    ]\n}","options":{"raw":{"language":"json"}}},"url":{"raw":"{{url}}/transactions/bulk_create","host":["{{url}}"],"path":["transactions","bulk_create"]}},"response":[{"id":"e3acc9c7-83d7-4c84-a654-297542914f09","name":"bulk create transactions","originalRequest":{"method":"POST","header":[{"key":"Accept","type":"text","value":"application/json"},{"key":"Content-Type","name":"Content-Type","value":"application/json","type":"text"}],"body":{"mode":"raw","raw":"{\n    \"transactions\": [\n        {\n            \"transactionable_id\": \"5\",\n            \"transactionable_type\": \"category\",\n            \"name\": \"tr1\",\n            \"value\": \"600\",\n            \"date\": \"2020-02-27\",\n            \"description\": \"nice\",\n            \"path\":\"tt\",\n            \"code\":\"tt\"\n            \n\n        },\n        {\n            \"transactionable_id\": \"5\",\n            \"transactionable_type\": \"category\",\n            \"name\": \"tr1\",\n            \"value\": \"-400\",\n            \"date\": \"2020-02-27\",\n            \"description\": \"nice\"\n        },\n        {\n            \"transactionable_id\": \"5\",\n            \"transactionable_type\": \"category\",\n            \"name\": \"tr1\",\n            \"value\": \"-200\",\n            \"date\": \"2020-02-27\",\n            \"description\": \"nice\"\n          \n            \n        }\n    ]\n}","options":{"raw":{"language":"json"}}},"url":{"raw":"{{url}}/transactions/bulk_create","host":["{{url}}"],"path":["transactions","bulk_create"]}},"status":"OK","code":200,"_postman_previewlanguage":"json","header":[{"key":"Host","value":"127.0.0.1:8000"},{"key":"Date","value":"Sun, 08 Mar 2020 13:37:16 GMT"},{"key":"Date","value":"Sun, 08 Mar 2020 13:37:15 GMT"},{"key":"Connection","value":"close"},{"key":"X-Powered-By","value":"PHP/7.3.6"},{"key":"Cache-Control","value":"no-cache, private"},{"key":"Content-Type","value":"application/json"},{"key":"Access-Control-Allow-Origin","value":"*"},{"key":"Access-Control-Allow-Methods","value":"POST, GET, OPTIONS, PUT, DELETE"},{"key":"Access-Control-Allow-Headers","value":"Content-Type, Accept, Authorization, x-xsrf-token ,X-Requested-With, Application"},{"key":"X-RateLimit-Limit","value":"60"},{"key":"X-RateLimit-Remaining","value":"59"}],"cookie":[],"responseTime":null,"body":""}]},{"name":"retrieve all transaction","event":[{"listen":"prerequest","script":{"id":"6ad084e3-8d9c-479c-a538-5cd4ec360836","exec":[""],"type":"text/javascript"}}],"id":"f9cf4344-068c-4eaa-b957-05a04faaffb2","protocolProfileBehavior":{"disableBodyPruning":true},"request":{"auth":{"type":"bearer","bearer":[{"key":"token","value":"{{token}}","type":"string"}]},"method":"GET","header":[{"key":"Accept","type":"text","value":"application/json"}],"body":{"mode":"formdata","formdata":[]},"url":{"raw":"{{url}}/transactions","host":["{{url}}"],"path":["transactions"]}},"response":[]},{"name":"retrieve entry","event":[{"listen":"prerequest","script":{"id":"6ad084e3-8d9c-479c-a538-5cd4ec360836","exec":[""],"type":"text/javascript"}}],"id":"6d3a3cb7-ed05-4c40-84aa-48d9fd8bb2b1","protocolProfileBehavior":{"disableBodyPruning":true},"request":{"auth":{"type":"bearer","bearer":[{"key":"token","value":"{{token}}","type":"string"}]},"method":"GET","header":[{"key":"Accept","type":"text","value":"application/json"}],"body":{"mode":"formdata","formdata":[]},"url":{"raw":"{{url}}/transactions/bulk_retrieve/4","host":["{{url}}"],"path":["transactions","bulk_retrieve","4"]}},"response":[]},{"name":"retrieve all transactions related to category or subcategory","event":[{"listen":"prerequest","script":{"id":"6ad084e3-8d9c-479c-a538-5cd4ec360836","exec":[""],"type":"text/javascript"}}],"id":"8c1422c8-12b4-49be-abf7-4a8472b92fc9","protocolProfileBehavior":{"disableBodyPruning":true},"request":{"auth":{"type":"bearer","bearer":[{"key":"token","value":"{{token}}","type":"string"}]},"method":"GET","header":[{"key":"Accept","type":"text","value":"application/json"}],"body":{"mode":"formdata","formdata":[]},"url":{"raw":"{{url}}/transactions/retrieve_transactionable?transactionable_id=1&transactionable_type=category","host":["{{url}}"],"path":["transactions","retrieve_transactionable"],"query":[{"key":"transactionable_id","value":"1"},{"key":"transactionable_type","value":"category"},{"key":"from","value":"2020-02-02","disabled":true},{"key":"to","value":"2020-02-29","disabled":true}]}},"response":[{"id":"b329026c-e5e5-4248-a448-ec327ac17408","name":"retrieve all transaction Copy","originalRequest":{"method":"GET","header":[{"key":"Accept","type":"text","value":"application/json"}],"url":{"raw":"{{url}}/transactions/retrieve_transactionable?transactionable_id=1&transactionable_type=category&from=2020-02-02&to=2020-02-29","host":["{{url}}"],"path":["transactions","retrieve_transactionable"],"query":[{"key":"transactionable_id","value":"1"},{"key":"transactionable_type","value":"category"},{"key":"from","value":"2020-02-02"},{"key":"to","value":"2020-02-29"}]}},"status":"OK","code":200,"_postman_previewlanguage":"json","header":[{"key":"Host","value":"127.0.0.1:8000"},{"key":"Date","value":"Wed, 04 Mar 2020 12:27:11 GMT"},{"key":"Date","value":"Wed, 04 Mar 2020 12:27:11 GMT"},{"key":"Connection","value":"close"},{"key":"X-Powered-By","value":"PHP/7.3.6"},{"key":"Cache-Control","value":"no-cache, private"},{"key":"Content-Type","value":"application/json"},{"key":"Access-Control-Allow-Origin","value":"*"},{"key":"Access-Control-Allow-Methods","value":"POST, GET, OPTIONS, PUT, DELETE"},{"key":"Access-Control-Allow-Headers","value":"Content-Type, Accept, Authorization, x-xsrf-token ,X-Requested-With, Application"},{"key":"X-RateLimit-Limit","value":"60"},{"key":"X-RateLimit-Remaining","value":"59"}],"cookie":[],"responseTime":null,"body":"[\n    {\n        \"amount\": 200,\n        \"entry_number\": 2,\n        \"date\": \"2020-02-03\",\n        \"balance\": 600\n    },\n    {\n        \"amount\": 600,\n        \"entry_number\": 3,\n        \"date\": \"2020-02-04\",\n        \"balance\": 800\n    },\n    {\n        \"amount\": 600,\n        \"entry_number\": 4,\n        \"date\": \"2020-02-27\",\n        \"balance\": 1400\n    },\n    {\n        \"amount\": 400,\n        \"entry_number\": 5,\n        \"date\": \"2020-02-27\",\n        \"balance\": 2000\n    }\n]"}]},{"name":"bulk delete transaction","event":[{"listen":"prerequest","script":{"id":"6ad084e3-8d9c-479c-a538-5cd4ec360836","exec":[""],"type":"text/javascript"}}],"id":"f00cb988-8a13-4f85-bddd-d364707ea77a","protocolProfileBehavior":{"disableBodyPruning":true},"request":{"auth":{"type":"bearer","bearer":[{"key":"token","value":"{{token}}","type":"string"}]},"method":"DELETE","header":[{"key":"Accept","type":"text","value":"application/json"}],"body":{"mode":"formdata","formdata":[]},"url":{"raw":"{{url}}/transactions/bulk_delete/5","host":["{{url}}"],"path":["transactions","bulk_delete","5"]}},"response":[]},{"name":"update entry","event":[{"listen":"prerequest","script":{"id":"6ad084e3-8d9c-479c-a538-5cd4ec360836","exec":[""],"type":"text/javascript"}}],"id":"d0c5564f-1630-4ae8-bdc5-f9d6381b54cd","protocolProfileBehavior":{"disableBodyPruning":true,"disabledSystemHeaders":{"content-type":true}},"request":{"auth":{"type":"bearer","bearer":[{"key":"token","value":"{{token}}","type":"string"}]},"method":"PUT","header":[{"key":"Accept","type":"text","value":"application/json"},{"warning":"This is a duplicate header and will be overridden by the Content-Type header generated by Postman.","key":"Content-Type","value":"application/json","type":"text"}],"body":{"mode":"raw","raw":"{\r\n\t\"del_transactions\":[233],\r\n\t\r\n\t\"transactions\": [ \r\n\t\t{\r\n\t\t\t\"id\": 109,\r\n\t\t\t\"transactionable_id\": 29,\r\n\t\t\t\"transactionable_type\": \"category\",\r\n\t\t\t\"name\": null,\r\n\t\t\t\"value\": 22,\r\n\t\t\t\"debit\": 0,\r\n\t\t\t\"credit\": 22,\r\n\t\t\t\"date\": \"2020-03-23\",\r\n\t\t\t\"description\": \"1234 test\"\r\n\t\t},\r\n\t\t{\r\n\t\t\t\r\n\t\t\t\"id\": null,\r\n\t\t\t\"transactionable_id\": 29,\r\n\t\t\t\"transactionable_type\": \"category\",\r\n\t\t\t\"name\": null,\r\n\t\t\t\"value\": -22,\r\n\t\t\t\"debit\": 22,\r\n\t\t\t\"credit\": 0,\r\n\t\t\t\"date\": \"2020-03-23\",\r\n\t\t\t\"description\": \"12\"\r\n\t\t}\r\n\t\t\r\n\t]\r\n\t\r\n}"},"url":{"raw":"{{url}}/transactions/update_entry/2","host":["{{url}}"],"path":["transactions","update_entry","2"]}},"response":[]}],"id":"995091df-5c10-41cc-871f-314aec42109f"},{"name":"login","id":"7ac0f60d-c8a8-429a-9401-799043bd351b","protocolProfileBehavior":{"disableBodyPruning":true},"request":{"auth":{"type":"noauth"},"method":"POST","header":[{"key":"Accept","value":"application/json","type":"text"},{"key":"Content-Type","value":"application/json","type":"text"}],"body":{"mode":"raw","raw":"{\n    \"email\": \"coreegypt@kunsports.com\",\n    \"password\": 123456\n}"},"url":{"raw":"{{url}}/login","host":["{{url}}"],"path":["login"]}},"response":[]},{"name":"integrate","id":"bdb3e4f9-f9d7-4c69-bb93-841510c0b15d","protocolProfileBehavior":{"disableBodyPruning":true},"request":{"auth":{"type":"noauth"},"method":"POST","header":[{"key":"Accept","type":"text","value":"application/json"},{"key":"Content-Type","type":"text","value":"application/json"}],"body":{"mode":"raw","raw":"{\n    \"secret_id\": \"test\",\n    \"client_id\": \"test\"\n}"},"url":{"raw":"{{url}}/integrate","host":["{{url}}"],"path":["integrate"]}},"response":[]},{"name":"{{url}}/createCompany","id":"0220695e-2076-418a-bf5f-0c7e52db95c7","protocolProfileBehavior":{"disableBodyPruning":true},"request":{"method":"POST","header":[{"key":"Accept","value":"application/json","type":"text"},{"key":"Content-Type","value":"application/json","type":"text"}],"body":{"mode":"formdata","formdata":[{"key":"company_name","value":"Omar negm ","type":"text"},{"key":"user_name","value":"negm_negm","type":"text"},{"key":"email","value":"Onegm@seamlabs.com","type":"text"},{"key":"password","value":"123456","type":"text"},{"key":"password_confirmation","value":"123456","type":"text"},{"key":"company_logo","type":"file","src":"/C:/Users/Moh Salem/Downloads/qF3TUSjeqNu3XhwHjQBm.png"},{"key":"company_photo","type":"file","src":"/C:/Users/Moh Salem/Downloads/qF3TUSjeqNu3XhwHjQBm.png"}]},"url":{"raw":"{{url}}/createCompany","host":["{{url}}"],"path":["createCompany"]}},"response":[]},{"name":"trial balance ","event":[{"listen":"prerequest","script":{"id":"6ad084e3-8d9c-479c-a538-5cd4ec360836","exec":[""],"type":"text/javascript"}}],"id":"c6350289-c847-4ac5-a596-aca3430e8665","protocolProfileBehavior":{"disableBodyPruning":true},"request":{"auth":{"type":"bearer","bearer":[{"key":"token","value":"{{token}}","type":"string"}]},"method":"GET","header":[{"key":"Accept","type":"text","value":"application/json"}],"body":{"mode":"formdata","formdata":[]},"url":{"raw":"{{url}}/subcategories/trialBalance?from_date=2020-01-01&to_date=2021-01-21","host":["{{url}}"],"path":["subcategories","trialBalance"],"query":[{"key":"from_date","value":"2020-01-01"},{"key":"to_date","value":"2021-01-21"}]}},"response":[]}]}