{"info":{"_postman_id":"c7b94d77-7eb6-43de-9076-641fc6354ea7","name":"card","schema":"https://schema.getpostman.com/json/collection/v2.1.0/collection.json"},"item":[{"name":"payCreditCardPayment","id":"f24357f7-04d7-423a-be6c-1f00f4e9da03","protocolProfileBehavior":{"disableBodyPruning":true},"request":{"auth":{"type":"basic","basic":[{"key":"password","value":"P@ssw0rd","type":"string"},{"key":"username","value":"300166u","type":"string"}]},"method":"POST","header":[],"body":{"mode":"raw","raw":"{\r\n    \"tracingId\": \"2-574058-zxusvername-8367-2024-11-10 1:43:33.706{6785958ex-debe-4bz0b-a4f0-ceed644eefb9-114542}\",\r\n    \"clientId\": 2,\r\n    \"adPostDate\": \"11-12-2024\",\r\n    \"adTradeDate\": \"11-12-2024\",\r\n    \"adValueDate\": \"11-12-2024\",\r\n    \"adecCVAmnt\": \"10.0\",\r\n    \"adecExchRate\": \"1\",\r\n    \"adecFCAmnt\": \"10.0\",\r\n    \"alJVType\": \"532\",\r\n    \"alServiceCode\": \"212\",\r\n    \"alTrsBranch\": \"992\",\r\n    \"alTrsCY\": \"1\",\r\n    \"alTrsType\": \"46\",\r\n    \"asAddReference\": \"0102911001\",\r\n    \"asAuthorizedBy\": \"MBUSR\",\r\n    \"asCardNo\": \"5337460005193817\",\r\n    \"asCreatedBy\": \"MBUSR\",\r\n    \"asOverride\": \"N\",\r\n    \"asTerminalID\": \"MB\",\r\n    \"asTimeCreated\": \"11-12-2024\",\r\n    \"asTrsOrigin\": \"H\",\r\n    \"companyCode\": \"1\",\r\n    \"limitCurrencyCode\": \"414\",\r\n    \"limitCIF\": \"8011\",\r\n    \"limitTransAmount\": \"10.0\",\r\n    \"limitTransAmountInKwd\": \"10.0\"\r\n}","options":{"raw":{"language":"json"}}},"url":{"raw":"{{url}}/card/creditCardPaymentService/payCreditCardPayment","host":["{{url}}"],"path":["card","creditCardPaymentService","payCreditCardPayment"]}},"response":[]}]}