{"info":{"_postman_id":"ccda3d2c-b01b-4898-9d01-c954210b4b3e","name":"PFM","schema":"https://schema.getpostman.com/json/collection/v2.1.0/collection.json"},"item":[{"name":"createSavingGoal","id":"fea1837a-607c-4a74-9581-6fdaaf744b78","protocolProfileBehavior":{"disableBodyPruning":true},"request":{"auth":{"type":"basic","basic":[{"key":"password","value":"P@ssw0rd","type":"string"},{"key":"username","value":"300166u","type":"string"}]},"method":"POST","header":[],"body":{"mode":"raw","raw":"{\r\n    \"clientId\": 3,\r\n    \"tracingId\": \"trest\",\r\n    \"cifNo\": 102911,\r\n    \"goalName\": \"testgoal\",\r\n    \"targetDate\":\"2025-03-01\",\r\n    \"debitDayOfMonth\":\"1\",\r\n    \"goalAmount\": 200,\r\n    \"accountNo\": \"0102911001\",\r\n    \"createdBy\":\"salem\",\r\n    \"monthlyAmount\":100\r\n}","options":{"raw":{"language":"json"}}},"url":{"raw":"{{url}}/pfm/savingGoal/createSavingGoal","host":["{{url}}"],"path":["pfm","savingGoal","createSavingGoal"]}},"response":[]},{"name":"topupSavingGoal","id":"17462cff-b195-42d1-b006-14ae22956a39","protocolProfileBehavior":{"disableBodyPruning":true},"request":{"auth":{"type":"basic","basic":[{"key":"password","value":"P@ssw0rd","type":"string"},{"key":"username","value":"300166u","type":"string"}]},"method":"POST","header":[],"body":{"mode":"raw","raw":"{\r\n    \"clientId\": 3,\r\n    \"tracingId\": \"trest\",\r\n    \"topupAmount\": 100,\r\n    \"goalId\": 428,\r\n    \"accountNo\": \"0102911001\",\r\n}","options":{"raw":{"language":"json"}}},"url":{"raw":"{{url}}/pfm/savingGoal/topupSavingGoal","host":["{{url}}"],"path":["pfm","savingGoal","topupSavingGoal"]}},"response":[]},{"name":"getGoalById","id":"e2e707a3-7f2f-402a-9ac8-0fd489c066fc","protocolProfileBehavior":{"disableBodyPruning":true},"request":{"auth":{"type":"basic","basic":[{"key":"password","value":"P@ssw0rd","type":"string"},{"key":"username","value":"300166u","type":"string"}]},"method":"POST","header":[],"body":{"mode":"raw","raw":"{\r\n    \"tracingId\": \"trest\",\r\n    \"clientId\": 3,\r\n    \"goalId\": \"407\",\r\n    \"queryWithLockingFlag\": \"Y\"\r\n}","options":{"raw":{"language":"json"}}},"url":{"raw":"{{url}}/pfm/savingGoal/getGoalById","host":["{{url}}"],"path":["pfm","savingGoal","getGoalById"]}},"response":[]}]}