{"info":{"_postman_id":"db9348af-55dd-4a92-95b9-da4a713d683c","name":"account","schema":"https://schema.getpostman.com/json/collection/v2.1.0/collection.json"},"item":[{"name":"statement","id":"1f7b6d7c-cc3c-4709-81f1-f73b1e53ceaa","protocolProfileBehavior":{"disableBodyPruning":true},"request":{"auth":{"type":"basic","basic":[{"key":"password","value":"{{password}}","type":"string"},{"key":"username","value":"{{username}}","type":"string"}]},"method":"POST","header":[],"body":{"mode":"raw","raw":"{\r\n    \"clientId\" : 1,\r\n    \"tracingId\" : \"Testsss_160823002\",\r\n    \"dateFrom\" : \"13-11-2023\",\r\n    \"dateTo\" : \"13-11-2024\",\r\n    \"companyCode\" : \"1\",\r\n    \"addReference\" : \"0008070001\",\r\n    \"dateType\" : \"T\",\r\n    \"includeRevalTran\" : \"N\",\r\n    \"includeReverseTran\" : \"Y\",\r\n    \"sortOrder\" : \"D\"\r\n}","options":{"raw":{"language":"json"}}},"url":{"raw":"{{url}}/account/statementService/getAccntStmt","host":["{{url}}"],"path":["account","statementService","getAccntStmt"]}},"response":[]}]}