{"info":{"_postman_id":"e1c01e08-b0ba-4302-9d44-8cf329fe9df0","name":"Salary In Advance","schema":"https://schema.getpostman.com/json/collection/v2.1.0/collection.json"},"item":[{"name":"checkEligibility","id":"60b77b3c-d451-483f-b98d-044b629975b7","protocolProfileBehavior":{"disableBodyPruning":true},"request":{"auth":{"type":"basic","basic":[{"key":"password","value":"P@ssw0rd","type":"string"},{"key":"username","value":"300166u","type":"string"}]},"method":"POST","header":[],"body":{"mode":"raw","raw":"{\r\n    \"cif\": 95004,\r\n    \"clientId\": 3,\r\n    \"tracingId\": \"tresst\"\r\n}","options":{"raw":{"language":"json"}}},"url":{"raw":"{{url}}/imal/MIS/checkCustomerSalaryInAdvanceEligibility","host":["{{url}}"],"path":["imal","MIS","checkCustomerSalaryInAdvanceEligibility"]}},"response":[{"id":"1eb974c7-f016-4e09-bcc4-b96a92c2161b","name":"checkEligibility","originalRequest":{"method":"POST","header":[],"body":{"mode":"raw","raw":"{\r\n    \"cif\": 141435,\r\n    \"clientId\": 3,\r\n    \"tracingId\": \"tresst\"\r\n}","options":{"raw":{"language":"json"}}},"url":{"raw":"{{url}}/imal/MIS/checkCustomerSalaryInAdvanceEligibility","host":["{{url}}"],"path":["imal","MIS","checkCustomerSalaryInAdvanceEligibility"]}},"status":"OK","code":200,"_postman_previewlanguage":"json","header":[{"key":"Date","value":"Tue, 05 Nov 2024 06:57:59 GMT"},{"key":"Transfer-Encoding","value":"chunked"},{"key":"Content-Type","value":"application/json"}],"cookie":[],"responseTime":null,"body":"{\n    \"errorDesc\": \"Success\",\n    \"errorCode\": \"0\",\n    \"clientId\": 3,\n    \"tracingId\": \"tresst\",\n    \"apiCall\": \"bb_mis.P_IAD_SALARY_ADVANCE 141435\",\n    \"cif\": \"141435\",\n    \"eligible\": \"Y\",\n    \"comments\": \"Customer is eligible\",\n    \"maxEligibleAmount\": 400,\n    \"minEligibleAmount\": 100,\n    \"salaryAccountNumber\": \"0141435001\"\n}"},{"id":"2b8f1a26-c07c-4194-972e-0a7d803fdd7b","name":"checkEligibility","originalRequest":{"method":"POST","header":[],"body":{"mode":"raw","raw":"{\r\n    \"cif\": 141435,\r\n    \"clientId\": 3,\r\n    \"tracingId\": \"tresst\"\r\n}","options":{"raw":{"language":"json"}}},"url":{"raw":"{{url}}/imal/MIS/checkCustomerSalaryInAdvanceEligibility","host":["{{url}}"],"path":["imal","MIS","checkCustomerSalaryInAdvanceEligibility"]}},"status":"OK","code":200,"_postman_previewlanguage":"json","header":[{"key":"Date","value":"Tue, 05 Nov 2024 06:58:31 GMT"},{"key":"Transfer-Encoding","value":"chunked"},{"key":"Content-Type","value":"application/json"}],"cookie":[],"responseTime":null,"body":"{\n    \"errorDesc\": \"SUCCESS\",\n    \"errorCode\": \"502\",\n    \"clientId\": 3,\n    \"tracingId\": \"tresst\",\n    \"apiCall\": \"bb_mis.P_IAD_SALARY_ADVANCE 141435, \",\n    \"cif\": \"141435\",\n    \"eligible\": \"N\",\n    \"comments\": \"Customer has no salary transfer for previous 3 consecutive months\",\n    \"maxEligibleAmount\": 0,\n    \"minEligibleAmount\": 0\n}"}]},{"name":"test","id":"eec71864-c2b4-4f2e-b42c-8d62ee95f2c8","protocolProfileBehavior":{"disableBodyPruning":true},"request":{"auth":{"type":"basic","basic":[{"key":"password","value":"P@ssw0rd","type":"string"},{"key":"username","value":"300166u","type":"string"}]},"method":"POST","header":[],"body":{"mode":"raw","raw":"{\r\n  \"clientId\": 2,\r\n  \"tracingId\": \"2-574058-username-8367-2024-11-10 15:43:33.706{6785958e-debe-4b0b-a4f0-ceed644eefb9-1145420}\",\r\n  \"userInfo\": null,\r\n  \"asUserID\": \"02845\",\r\n  \"asMachineName\": null,\r\n  \"alAPICode\": 205,\r\n  \"alCompany\": 1,\r\n  \"alBranchCode\": 998,\r\n  \"alTeller\": null,\r\n  \"alTrxType\": 191,\r\n  \"alUseCardAccNo\": 0,\r\n  \"asTransactionTypes\": null,\r\n  \"asCard\": null,\r\n  \"alAccBR\": null,\r\n  \"alAccCY\": null,\r\n  \"alAccGL\": null,\r\n  \"alAccCIF\": null,\r\n  \"alAccSl\": null,\r\n  \"asAccount\": \"0574058001\",\r\n  \"alToAccBr\": 992,\r\n  \"alToAccCy\": 1,\r\n  \"alToAccGl\": 415324,\r\n  \"alToAccCIF\": 0,\r\n  \"alToAccSl\": 0,\r\n  \"asToAccount\": null,\r\n  \"adecAmount\": 50.0,\r\n  \"asCurrency\": 414,\r\n  \"asDateTime\": \"2024-11-18\",\r\n  \"asReference\": \"1@2-3\",\r\n  \"alPos\": null,\r\n  \"asDesc\": \"Salary in Advance Fees\",\r\n  \"asDescArab\": \"رسوم خدمة راتب مقدم\",\r\n  \"adtValueDate\": null,\r\n  \"asBillerCode\": null,\r\n  \"asSoReference\": null,\r\n  \"asInstruction1\": null,\r\n  \"asInstruction2\": null,\r\n  \"asInstruction3\": null,\r\n  \"asInstruction4\": null,\r\n  \"alTrxPurpose\": null,\r\n  \"asApprovedTrx\": 1,\r\n  \"asSenderNote\": null,\r\n  \"asBenefNote\": null,\r\n  \"asBenefFlag\": null\r\n}","options":{"raw":{"language":"json"}}},"url":{"raw":"https://172.26.3.101:16011/imal/transfer/generalTransferReverse","protocol":"https","host":["172","26","3","101"],"port":"16011","path":["imal","transfer","generalTransferReverse"]}},"response":[]},{"name":"createAdvanceSalary","id":"32031867-af75-4823-a86f-4f544d5d00dc","protocolProfileBehavior":{"disableBodyPruning":true},"request":{"auth":{"type":"basic","basic":[{"key":"password","value":"P@ssw0rd","type":"string"},{"key":"username","value":"300166u","type":"string"}]},"method":"POST","header":[],"body":{"mode":"raw","raw":"{\r\n    \"cif\": 102911,\r\n    \"tracingId\": \"a1352z1salenx4xl5-cxg2fx16:0v8x43cs.7v81x{bC7Exz9zD512-xg91-8fhzszECx3CBD4FF-1126a2z2c}1\",\r\n    \"clientId\": 2,\r\n    \"salaryAmount\": 200,\r\n    \"accountNo\": \"0102911001\",\r\n    \"feesAccountNo\": \"0102911001\"\r\n}","options":{"raw":{"language":"json"}}},"url":{"raw":"{{url}}/salaryAdvance/salaryService/createAdvanceSalary","host":["{{url}}"],"path":["salaryAdvance","salaryService","createAdvanceSalary"]}},"response":[]},{"name":"autoSettle Salary Advance","id":"0b55ba1d-48ce-45fe-ada1-fe86f27064cf","protocolProfileBehavior":{"disableBodyPruning":true},"request":{"auth":{"type":"basic","basic":[{"key":"password","value":"P@ssw0rd","type":"string"},{"key":"username","value":"300166u","type":"string"}]},"method":"POST","header":[],"body":{"mode":"raw","raw":"{\r\n    \"tracingId\": \"2-574058-zxusvername-8367-2024-11-10 1:43:33.706{6785958ex-debe-4bz0b-a4f0-ceed644eefb9-114542}\",\r\n    \"clientId\": 2\r\n}","options":{"raw":{"language":"json"}}},"url":{"raw":"{{url}}/salaryAdvance/salaryService/autoSettle","host":["{{url}}"],"path":["salaryAdvance","salaryService","autoSettle"]}},"response":[]},{"name":"cifEligibilityChecker","id":"e73ed640-1534-40b9-a5ca-8e4c056cbdbd","protocolProfileBehavior":{"disableBodyPruning":true},"request":{"auth":{"type":"basic","basic":[{"key":"password","value":"P@ssw0rd","type":"string"},{"key":"username","value":"300166u","type":"string"}]},"method":"POST","header":[],"body":{"mode":"raw","raw":"{\r\n    \"tracingId\": \"2-574058-zxusvername-8367-2024-11-10 1:43:33.706{6785958ex-debe-4bz0b-a4f0-ceed644eefb9-114542}\",\r\n    \"clientId\": 2,\r\n    \"cif\": \"103866\",\r\n    \"accountNo\": \"0103866001\"\r\n}","options":{"raw":{"language":"json"}}},"url":{"raw":"{{url}}/salaryAdvance/salaryService/cifEligibilityChecker","host":["{{url}}"],"path":["salaryAdvance","salaryService","cifEligibilityChecker"]}},"response":[]}]}