{"info":{"_postman_id":"fb673409-489a-4d25-8284-b69d4fe34464","name":"Brokerage ES","schema":"https://schema.getpostman.com/json/collection/v2.1.0/collection.json"},"item":[{"name":"depositToBrokerage","id":"d12d1742-3ae2-41a5-b651-56479fe42e83","protocolProfileBehavior":{"disableBodyPruning":true},"request":{"auth":{"type":"basic","basic":[{"key":"password","value":"P@ssw0rd","type":"string"},{"key":"username","value":"300166u","type":"string"}]},"method":"POST","header":[],"body":{"mode":"raw","raw":"{\r\n    \"brokerageAccount\": \"452578958\",\r\n    \"amountInCreditCurrency\": 15,\r\n    \"tracingId\": \"2-105314-username-0004-2024-06-20 15:40:51.519{8030C331-579E-44BF-AF34-EBC12AF0E381-132salem356}\",\r\n    \"clientId\": 2,\r\n    \"creditCurrency\": \"KWD\",\r\n    \"customerAccount\": \"0105314001\"\r\n}","options":{"raw":{"language":"json"}}},"url":{"raw":"{{url}}/brokerage-es/v1/depositToBrokerage","host":["{{url}}"],"path":["brokerage-es","v1","depositToBrokerage"]}},"response":[{"id":"ee2a2fae-6bbc-446b-bf31-9d60d9aba687","name":"depositToBrokerage62","originalRequest":{"method":"POST","header":[],"body":{"mode":"raw","raw":"{\r\n    \"brokerageAccount\": \"171605180\",\r\n    \"amountInCreditCurrency\": 60,\r\n    \"tracingId\": \"492555f4-d41f-4370-9023-ea51514899b63\",\r\n    \"clientId\": 2,\r\n    \"creditCurrency\": \"KWD\",\r\n    \"customerAccount\": \"0571751001\"\r\n}","options":{"raw":{"language":"json"}}},"url":{"raw":"{{url}}/brokerage-es/v1/depositToBrokerage","host":["{{url}}"],"path":["brokerage-es","v1","depositToBrokerage"]}},"status":"Internal Server Error","code":500,"_postman_previewlanguage":"json","header":[{"key":"Date","value":"Mon, 06 Jan 2025 09:13:08 GMT"},{"key":"Transfer-Encoding","value":"chunked"},{"key":"Content-Type","value":"application/json"},{"key":"X-ORACLE-DMS-ECID","value":"34af0363-c895-4914-ba46-d61f28223fdf-00001402"},{"key":"X-ORACLE-DMS-RID","value":"0"},{"key":"Set-Cookie","value":"JSESSIONID=yDA647Hh-9hnrcn8T2hnJst1Hu-3fKu5Z6UyRdBQ2rXe4RVnPmDv!1773489398; path=/; HttpOnly"},{"key":"Set-Cookie","value":"_WL_AUTHCOOKIE_JSESSIONID=-hyq5LwkVVphCAAy8i4z; path=/; secure; HttpOnly"}],"cookie":[],"responseTime":null,"body":"{\n    \"errorDesc\": \"Internal System Error\",\n    \"errorCode\": \"99\"\n}"},{"id":"82843a6b-04b8-4cb9-8a5c-0dc0aa7939c2","name":"depositToBrokerage","originalRequest":{"method":"POST","header":[],"body":{"mode":"raw","raw":"{\r\n    \"brokerageAccount\": \"452578958\",\r\n    \"amountInCreditCurrency\": 15,\r\n    \"tracingId\": \"2-105314-username-0004-2024-06-20 15:40:51.519{8030C331-579E-44BF-AF34-EBC12AF0E381-132salem443}\",\r\n    \"clientId\": 2,\r\n    \"creditCurrency\": \"KWD\",\r\n    \"customerAccount\": \"0105314001\"\r\n}","options":{"raw":{"language":"json"}}},"url":{"raw":"{{url}}/brokerage-es/v1/depositToBrokerage","host":["{{url}}"],"path":["brokerage-es","v1","depositToBrokerage"]}},"status":"OK","code":200,"_postman_previewlanguage":"json","header":[{"key":"Date","value":"Mon, 06 Jan 2025 09:23:54 GMT"},{"key":"Transfer-Encoding","value":"chunked"},{"key":"Content-Type","value":"application/json"}],"cookie":[],"responseTime":null,"body":"{\n    \"errorDesc\": \"Process Mubasher Transaction service Failed : null - System Exception: java.lang.NullPointerException - null\",\n    \"errorCode\": \"-99\"\n}"}]},{"name":"depositToBrokerage Copy","id":"a7777532-15dd-4e61-a453-dfc9a0eeb3a0","protocolProfileBehavior":{"disableBodyPruning":true},"request":{"auth":{"type":"basic","basic":[{"key":"password","value":"P@ssw0rd","type":"string"},{"key":"username","value":"300166u","type":"string"}]},"method":"POST","header":[],"body":{"mode":"raw","raw":"{\r\n    \"brokerageAccount\": \"452578958\",\r\n    \"amountInCreditCurrency\": 15,\r\n    \"tracingId\": \"2-105314-username-0004-2024-06-20 15:40:51.519{8030C331-579E-44BF-AF34-EBC12AF0E381-132salem356}\",\r\n    \"clientId\": 2,\r\n    \"creditCurrency\": \"KWD\",\r\n    \"customerAccount\": \"0105314001\"\r\n}","options":{"raw":{"language":"json"}}},"url":{"raw":"{{url}}/brokerage-es/v1/depositToBrokerage","host":["{{url}}"],"path":["brokerage-es","v1","depositToBrokerage"]}},"response":[{"id":"9ba8cf25-c40a-47ef-9e75-f1ed8d75c9d0","name":"depositToBrokerage62","originalRequest":{"method":"POST","header":[],"body":{"mode":"raw","raw":"{\r\n    \"brokerageAccount\": \"171605180\",\r\n    \"amountInCreditCurrency\": 60,\r\n    \"tracingId\": \"492555f4-d41f-4370-9023-ea51514899b63\",\r\n    \"clientId\": 2,\r\n    \"creditCurrency\": \"KWD\",\r\n    \"customerAccount\": \"0571751001\"\r\n}","options":{"raw":{"language":"json"}}},"url":{"raw":"{{url}}/brokerage-es/v1/depositToBrokerage","host":["{{url}}"],"path":["brokerage-es","v1","depositToBrokerage"]}},"status":"Internal Server Error","code":500,"_postman_previewlanguage":"json","header":[{"key":"Date","value":"Mon, 06 Jan 2025 09:13:08 GMT"},{"key":"Transfer-Encoding","value":"chunked"},{"key":"Content-Type","value":"application/json"},{"key":"X-ORACLE-DMS-ECID","value":"34af0363-c895-4914-ba46-d61f28223fdf-00001402"},{"key":"X-ORACLE-DMS-RID","value":"0"},{"key":"Set-Cookie","value":"JSESSIONID=yDA647Hh-9hnrcn8T2hnJst1Hu-3fKu5Z6UyRdBQ2rXe4RVnPmDv!1773489398; path=/; HttpOnly"},{"key":"Set-Cookie","value":"_WL_AUTHCOOKIE_JSESSIONID=-hyq5LwkVVphCAAy8i4z; path=/; secure; HttpOnly"}],"cookie":[],"responseTime":null,"body":"{\n    \"errorDesc\": \"Internal System Error\",\n    \"errorCode\": \"99\"\n}"},{"id":"37656e4b-a18b-46cb-8d12-4b36acfa8efc","name":"depositToBrokerage","originalRequest":{"method":"POST","header":[],"body":{"mode":"raw","raw":"{\r\n    \"brokerageAccount\": \"452578958\",\r\n    \"amountInCreditCurrency\": 15,\r\n    \"tracingId\": \"2-105314-username-0004-2024-06-20 15:40:51.519{8030C331-579E-44BF-AF34-EBC12AF0E381-132salem443}\",\r\n    \"clientId\": 2,\r\n    \"creditCurrency\": \"KWD\",\r\n    \"customerAccount\": \"0105314001\"\r\n}","options":{"raw":{"language":"json"}}},"url":{"raw":"{{url}}/brokerage-es/v1/depositToBrokerage","host":["{{url}}"],"path":["brokerage-es","v1","depositToBrokerage"]}},"status":"OK","code":200,"_postman_previewlanguage":"json","header":[{"key":"Date","value":"Mon, 06 Jan 2025 09:23:54 GMT"},{"key":"Transfer-Encoding","value":"chunked"},{"key":"Content-Type","value":"application/json"}],"cookie":[],"responseTime":null,"body":"{\n    \"errorDesc\": \"Process Mubasher Transaction service Failed : null - System Exception: java.lang.NullPointerException - null\",\n    \"errorCode\": \"-99\"\n}"}]},{"name":"processMubasherTransaction","id":"77783511-a192-4f56-95a2-cba37dbe813d","protocolProfileBehavior":{"disableBodyPruning":true},"request":{"auth":{"type":"basic","basic":[{"key":"password","value":"P@ssw0rd","type":"string"},{"key":"username","value":"300166u","type":"string"}]},"method":"POST","header":[],"body":{"mode":"raw","raw":"{\r\n    \"mubasherAccountNo\": \"452578958\",\r\n    \"depositAmount\": 15,\r\n    \"tracingId\": \"2-105314-username-0004-2024-06-20 15:40:51.519{8030C331-579E-44BF-AF34-EBC12AF0E381-132salem356}\",\r\n    \"clientId\": 2,\r\n    \"currency\": \"KWD\"\r\n}","options":{"raw":{"language":"json"}}},"url":{"raw":"{{url}}/brokerage-es/v1/processMubasherTransaction","host":["{{url}}"],"path":["brokerage-es","v1","processMubasherTransaction"]}},"response":[]},{"name":"uploadAccountInfo","id":"13e63ca6-c2f4-4e9a-8da7-64e50d25e24a","protocolProfileBehavior":{"disableBodyPruning":true},"request":{"auth":{"type":"basic","basic":[{"key":"password","value":"P@ssw0rd","type":"string"},{"key":"username","value":"300166u","type":"string"}]},"method":"POST","header":[],"body":{"mode":"raw","raw":"{\r\n    \"uploadList\": [\r\n        {\r\n            \"cif\": \"5715483\",\r\n            \"accountNo\": \"0571548001\",\r\n            \"civilId\": \"293111501395\",\r\n            \"brokerageAccountNo\": \"627639410\",\r\n            \"createdUser\": \"bcic\"\r\n        },\r\n        {\r\n            \"cif\": \"5715482\",\r\n            \"accountNo\": \"0571548001\",\r\n            \"civilId\": \"293111501395\",\r\n            \"brokerageAccountNo\": \"627639410\",\r\n            \"createdUser\": \"bcic\"\r\n        }\r\n    ],\r\n    \"tracingId\": \"amin354351841548\",\r\n    \"clientId\": 2\r\n}","options":{"raw":{"language":"json"}}},"url":{"raw":"{{url}}/brokerage-es/v1/uploadAccountInfo","host":["{{url}}"],"path":["brokerage-es","v1","uploadAccountInfo"]}},"response":[]},{"name":"withdrawCash","id":"f2dedc77-cc94-4d34-919a-da9cf5ff05cd","protocolProfileBehavior":{"disableBodyPruning":true},"request":{"auth":{"type":"basic","basic":[{"key":"password","value":"P@ssw0rd","type":"string"},{"key":"username","value":"300166u","type":"string"}]},"method":"POST","header":[],"body":{"mode":"raw","raw":"{\r\n    \"brokerageAccount\": \"275095515\",\r\n    \"trxReference\": \"1733979643851\",\r\n    \"tracingId\": \"2-105314-username-0004-2024-06-20 15:40:51.519{8030C31-579E-44BF-A34-EBC12AF0E381-132salem365}\",\r\n    \"amount\": 15,\r\n    \"customerCreditAccount\": \"0570644001\",\r\n    \"currency\": \"KWD\"\r\n}","options":{"raw":{"language":"json"}}},"url":{"raw":"{{url}}/brokerage-es/v1/withdrawFromBrokerage","host":["{{url}}"],"path":["brokerage-es","v1","withdrawFromBrokerage"]}},"response":[]}]}