{"info":{"_postman_id":"fdcc6b4d-3aee-4f08-8e40-15debc0eb6e7","name":"Customer","schema":"https://schema.getpostman.com/json/collection/v2.1.0/collection.json"},"item":[{"name":"getCustomerFirstSalary","id":"55b9329b-4de5-40f6-9657-bd1974ea992f","protocolProfileBehavior":{"disableBodyPruning":true},"request":{"auth":{"type":"basic","basic":[{"key":"password","value":"P@ssw0rd","type":"string"},{"key":"username","value":"300166u","type":"string"}]},"method":"POST","header":[],"body":{"mode":"raw","raw":"{\r\n    \"clientId\": 3,\r\n    \"tracingId\": \"tracing-test-123\",\r\n    \"cif\": 95004\r\n}","options":{"raw":{"language":"json"}}},"url":{"raw":"{{url}}/customer/customerService/getCustomerFirstSalary","host":["{{url}}"],"path":["customer","customerService","getCustomerFirstSalary"]}},"response":[{"id":"771b442d-c90a-4717-818f-12bf1d2018cb","name":"getCustomerFirstSalary","originalRequest":{"method":"POST","header":[],"body":{"mode":"raw","raw":"{\r\n    \"clientId\": 3,\r\n    \"tracingId\": \"tracing-test-123\",\r\n    \"cif\": 95004\r\n}","options":{"raw":{"language":"json"}}},"url":{"raw":"{{url}}/customer/customerService/getCustomerFirstSalary","host":["{{url}}"],"path":["customer","customerService","getCustomerFirstSalary"]}},"status":"OK","code":200,"_postman_previewlanguage":"json","header":[{"key":"Date","value":"Wed, 15 Jan 2025 12:00:58 GMT"},{"key":"Transfer-Encoding","value":"chunked"},{"key":"Content-Type","value":"application/json"},{"key":"Set-Cookie","value":"JSESSIONID=JWBp1pg1zBvYcVtWu1_c0HuqOnAmlbIynVZZB_Y9VPp9mmb-mwRS!1387593891; path=/; HttpOnly"},{"key":"Set-Cookie","value":"_WL_AUTHCOOKIE_JSESSIONID=wtJS0d.wfVYnf.eH2YNu; path=/; secure; HttpOnly"}],"cookie":[],"responseTime":null,"body":"{\n    \"errorDesc\": \"SUCCESS\",\n    \"errorCode\": \"0\",\n    \"clientId\": 3,\n    \"tracingId\": \"tracing-test-123\",\n    \"apiCall\": \"bb_mis.P_CUSTOMER_FIRST_SALARY 95004, \",\n    \"firstSalaryAccount\": \"test123\",\n    \"firstSalaryAmount\": 250,\n    \"firstSalaryDate\": \"2024-10-29\"\n}"}]},{"name":"getCIFBasicDetails","id":"c13f3779-dd37-4fbb-85b7-7a86231bb552","protocolProfileBehavior":{"disableBodyPruning":true},"request":{"auth":{"type":"basic","basic":[{"key":"password","value":"P@ssw0rd","type":"string"},{"key":"username","value":"300166u","type":"string"}]},"method":"POST","header":[],"body":{"mode":"raw","raw":"{\r\n    \"companyCode\": \"1\",\r\n    \"tracingId\": \"2-105314-username-0004-2024-06-20 15:40:51.519{8030C331-579E-44BF-AF34-EBC12AF0E381-132salem}\",\r\n    \"clientId\": 2,\r\n    \"addReference\": \"0105314001\"\r\n}","options":{"raw":{"language":"json"}}},"url":{"raw":"{{url}}/customer/customerService/getCIFBasicDetails","host":["{{url}}"],"path":["customer","customerService","getCIFBasicDetails"]}},"response":[]}]}